"วันเดือนปี","ล่าสุด","ราคาเปิด","สูงสุด","ต่ำสุด","ปริมาณ","% เปลี่ยน"
"03/20/2026","953.13","954.90","957.69","943.54","2.09B","1.09%"
"03/19/2026","942.83","949.15","957.83","940.46","2.07B","-1.36%"
"03/18/2026","955.82","961.70","966.84","954.50","1.91B","0.23%"
"03/17/2026","953.66","944.99","959.50","941.81","2.17B","2.19%"
"03/16/2026","933.25","940.45","942.30","931.58","1.37B","-0.35%"
"03/13/2026","936.50","942.94","946.93","932.61","1.88B","-1.43%"
"03/12/2026","950.12","926.63","950.16","925.72","1.89B","1.83%"
"03/11/2026","933.08","937.93","948.44","933.08","2.07B","0.03%"
"03/10/2026","932.77","936.80","941.20","923.62","1.99B","1.57%"
"03/09/2026","918.38","891.79","921.00","883.11","2.76B","-2.06%"
"03/06/2026","937.70","937.46","943.31","933.01","1.76B","-0.63%"
"03/05/2026","943.60","952.27","954.26","922.57","3.61B","1.95%"
"03/04/2026","925.51","930.34","937.71","894.07","5.06B","-5.44%"
"03/02/2026","978.80","994.24","1,008.00","978.62","3.29B","-3.99%"
"02/27/2026","1,019.53","1,017.19","1,032.59","1,015.43","2.58B","-0.63%"
"02/26/2026","1,026.01","1,022.64","1,027.86","1,017.60","2.04B","0.97%"
"02/25/2026","1,016.19","1,010.89","1,021.24","1,007.84","2.43B","1.60%"
"02/24/2026","1,000.20","993.28","1,001.94","983.12","2.13B","0.75%"
"02/23/2026","992.79","999.75","1,009.37","984.92","2.73B","-0.24%"
"02/20/2026","995.15","1,002.17","1,004.42","990.86","3.36B","-0.84%"
"02/19/2026","1,003.57","990.60","1,004.85","988.81","2.97B","1.75%"
"02/18/2026","986.32","985.27","989.62","979.46","2.73B","0.34%"
"02/17/2026","982.93","968.07","984.21","966.34","2.61B","1.48%"
"02/16/2026","968.61","971.66","976.15","964.98","1.81B","0.44%"
"02/13/2026","964.35","968.06","973.89","961.17","2.16B","-0.76%"
"02/12/2026","971.77","951.17","971.91","950.45","2.63B","2.30%"
"02/11/2026","949.89","950.92","956.07","947.00","1.91B","-0.05%"
"02/10/2026","950.34","949.53","951.97","943.49","1.97B","0.82%"
"02/09/2026","942.61","937.46","948.12","932.60","5.20B","3.65%"
"02/06/2026","909.38","902.01","915.61","901.09","1.29B","0.58%"
"02/05/2026","904.12","902.70","908.43","898.18","1.75B","0.10%"
"02/04/2026","903.22","899.11","904.26","897.01","1.54B","1.26%"
"02/03/2026","891.95","888.44","901.93","886.83","1.93B","1.08%"
"02/02/2026","882.44","878.97","882.71","872.53","1.57B","-0.03%"
"01/30/2026","882.67","884.06","887.59","880.76","1.80B","-0.55%"
"01/29/2026","887.59","892.58","895.20","884.76","1.78B","-0.67%"
"01/28/2026","893.60","892.72","895.70","887.28","1.62B","0.53%"
"01/27/2026","888.92","874.89","891.10","873.29","1.88B","1.84%"
"01/26/2026","872.84","875.14","876.59","868.95","1.70B","-0.44%"
"01/23/2026","876.69","875.98","883.74","872.58","2.36B","0.20%"
"01/22/2026","874.91","882.44","887.32","870.58","2.84B","-0.73%"
"01/21/2026","881.31","872.42","884.03","870.95","2.27B","1.37%"
"01/20/2026","869.40","860.52","875.71","859.87","1.93B","1.12%"
"01/19/2026","859.77","854.84","863.66","852.78","1.34B","0.46%"
"01/16/2026","855.83","844.24","856.89","841.74","1.68B","1.37%"
"01/15/2026","844.30","831.43","845.85","828.77","1.37B","1.26%"
"01/14/2026","833.83","828.01","835.64","826.22","1.18B","1.02%"
"01/13/2026","825.38","833.07","834.55","822.45","1.37B","-0.32%"
"01/12/2026","828.04","835.33","837.25","825.96","1.27B","-0.64%"
"01/09/2026","833.35","834.60","840.11","831.52","906.63M","0.03%"
"01/08/2026","833.08","835.04","840.69","831.55","1.10B","-1.51%"
"01/07/2026","845.83","841.93","846.78","841.06","1.51B","0.27%"
"01/06/2026","843.54","848.04","848.97","840.29","1.30B","-0.54%"
"01/05/2026","848.13","843.46","853.60","841.64","1.81B","1.49%"
"12/30/2025","835.67","830.53","837.67","830.53","1.27B","0.51%"
"12/29/2025","831.44","834.79","836.59","826.16","896.41M","-0.49%"
"12/26/2025","835.55","838.65","839.89","832.75","708.45M","-0.40%"
"12/25/2025","838.90","844.45","844.56","836.48","529.50M","-0.70%"
"12/24/2025","844.85","843.05","844.85","839.97","1.24B","0.33%"
"12/23/2025","842.09","841.63","846.77","839.14","1.21B","0.34%"
"12/22/2025","839.24","834.20","840.16","831.71","1.27B","1.30%"
"12/19/2025","828.50","831.34","832.63","826.38","1.54B","-0.02%"
"12/18/2025","828.64","832.17","835.55","823.29","2.08B","-0.20%"
"12/17/2025","830.30","833.38","836.80","828.89","1.48B","-0.30%"
"12/16/2025","832.84","838.06","838.06","831.42","1.32B","-0.99%"
"12/15/2025","841.16","824.94","841.16","823.93","1.42B","1.61%"
"12/12/2025","827.81","829.56","834.29","826.63","1.43B","-0.07%"
"12/11/2025","828.42","840.26","839.88","825.54","1.20B","-1.10%"
"12/09/2025","837.65","832.61","837.65","831.70","859.08M","0.67%"
"12/08/2025","832.04","838.74","842.79","829.25","1.23B","-0.69%"
"12/04/2025","837.85","840.23","844.73","834.82","1.52B","0.18%"
"12/03/2025","836.36","837.37","841.80","834.79","1.43B","-0.18%"
"12/02/2025","837.85","838.69","838.84","831.18","1.42B","0.11%"
"12/01/2025","836.89","823.80","838.72","823.20","1.70B","1.71%"
"11/28/2025","822.78","823.70","828.15","818.67","1.56B","0.28%"
"11/27/2025","820.47","827.73","828.21","819.12","1.19B","-0.64%"
"11/26/2025","825.79","833.59","834.03","823.61","2.33B","-0.47%"
"11/25/2025","829.67","824.06","831.18","820.53","1.72B","1.31%"
"11/24/2025","818.98","822.81","823.52","818.02","1.46B","-0.01%"
"11/21/2025","819.10","827.63","830.29","814.66","1.90B","-2.08%"
"11/20/2025","836.46","835.94","845.26","833.01","1.40B","0.86%"
"11/19/2025","829.29","831.94","833.18","824.12","1.61B","-0.17%"
"11/18/2025","830.71","829.46","836.73","829.46","1.08B","-0.79%"
"11/17/2025","837.34","828.13","839.51","825.09","1.30B","1.04%"
"11/14/2025","828.73","834.41","839.85","825.53","1.07B","-1.37%"
"11/13/2025","840.27","840.40","843.72","836.13","1.25B","0.31%"
"11/12/2025","837.70","849.56","849.90","837.70","1.58B","-1.12%"
"11/11/2025","847.15","852.09","853.11","845.45","1.43B","-0.40%"
"11/10/2025","850.53","850.78","853.87","845.79","1.10B","0.35%"
"11/07/2025","847.55","851.13","855.17","847.09","986.49M","-0.71%"
"11/06/2025","853.59","848.32","856.34","843.77","1.69B","1.26%"
"11/05/2025","842.93","837.03","846.79","835.47","1.47B","-0.16%"
"11/04/2025","844.31","849.12","854.26","841.95","1.73B","-0.81%"
"11/03/2025","851.22","856.04","857.36","848.12","1.10B","-0.08%"
"10/31/2025","851.93","851.91","857.86","848.99","1.35B","-0.46%"
"10/30/2025","855.87","849.65","859.48","847.38","2.35B","0.02%"
"10/29/2025","855.68","855.00","859.33","853.57","1.37B","0.14%"
"10/28/2025","854.48","864.62","866.50","851.78","1.85B","-0.84%"
"10/27/2025","861.68","865.24","876.98","861.07","1.93B","0.40%"
"10/24/2025","858.28","853.52","863.22","851.02","2.05B","1.17%"
"10/22/2025","848.34","840.12","855.50","836.53","1.96B","1.11%"
"10/21/2025","839.05","839.63","841.65","835.93","1.46B","0.43%"
"10/20/2025","835.45","835.48","837.78","832.68","964.12M","1.04%"
"10/17/2025","826.83","830.29","836.47","826.26","1.32B","-1.19%"
"10/16/2025","836.77","838.87","843.01","833.58","1.24B","0.26%"
"10/15/2025","834.58","828.47","836.16","826.05","1.56B","1.64%"
"10/14/2025","821.14","834.74","836.53","820.65","1.47B","-1.60%"
"10/10/2025","834.49","839.62","841.23","832.51","1.07B","-1.82%"
"10/09/2025","850.00","844.31","850.02","842.65","1.30B","1.00%"
"10/08/2025","841.60","842.27","847.34","839.96","1.55B","-0.03%"
"10/07/2025","841.82","835.76","845.28","834.17","1.25B","1.44%"
"10/06/2025","829.88","837.89","839.37","829.88","1.43B","-0.76%"
"10/03/2025","836.26","833.22","840.05","830.67","1.38B","0.49%"
"10/02/2025","832.17","830.69","836.67","828.89","1.12B","0.95%"
"10/01/2025","824.34","822.56","827.36","821.53","1.14B","-0.13%"
"09/30/2025","825.42","832.44","835.29","821.85","1.75B","-1.06%"
"09/29/2025","834.29","831.39","837.47","826.83","1.53B","1.05%"
"09/26/2025","825.62","830.95","832.87","825.23","1.08B","-0.88%"
"09/25/2025","832.92","827.68","834.62","826.23","1.23B","0.88%"
"09/24/2025","825.68","824.81","829.94","820.27","1.34B","0.17%"
"09/23/2025","824.30","831.03","834.84","823.67","1.45B","-0.61%"
"09/22/2025","829.34","836.18","837.38","829.34","1.24B","-0.66%"
"09/19/2025","834.86","840.78","841.97","834.21","1.59B","-0.46%"
"09/18/2025","838.74","847.36","847.97","834.66","1.38B","-0.62%"
"09/17/2025","843.94","845.33","847.76","842.64","1.58B","-0.07%"
"09/16/2025","844.57","843.44","847.31","841.04","1.64B","0.53%"
"09/15/2025","840.09","837.32","840.90","831.97","1.04B","0.38%"
"09/12/2025","836.87","838.87","841.59","833.57","1.11B","0.36%"
"09/11/2025","833.87","827.29","836.64","827.29","1.50B","0.93%"
"09/10/2025","826.21","828.32","829.84","823.90","1.29B","-0.04%"
"09/09/2025","826.50","822.55","827.20","820.20","1.72B","0.74%"
"09/08/2025","820.43","827.94","830.15","819.42","1.91B","-0.26%"
"09/05/2025","822.56","819.39","827.48","817.25","1.66B","0.85%"
"09/04/2025","815.65","825.10","829.45","814.62","1.36B","-0.94%"
"09/03/2025","823.37","818.39","825.64","817.59","1.75B","0.80%"
"09/02/2025","816.85","816.66","820.70","812.74","1.22B","0.35%"
"09/01/2025","813.99","806.29","815.14","803.24","1.49B","0.74%"
"08/29/2025","808.02","815.92","821.73","807.66","2.10B","-1.15%"
"08/28/2025","817.39","816.88","822.11","815.31","1.05B","0.05%"
"08/27/2025","817.01","820.07","825.53","815.74","1.23B","-0.19%"
"08/26/2025","818.54","820.26","826.46","816.77","2.64B","-0.85%"
"08/25/2025","825.58","827.13","829.70","823.45","1.39B","0.77%"
"08/22/2025","819.27","816.72","823.26","813.51","1.28B","0.55%"
"08/21/2025","814.77","817.72","820.13","811.60","1.72B","0.06%"
"08/20/2025","814.25","802.17","816.10","799.13","1.60B","1.33%"
"08/19/2025","803.55","805.73","811.98","803.55","1.31B","-0.58%"
"08/18/2025","808.21","818.41","818.41","807.35","1.16B","-1.10%"
"08/15/2025","817.19","821.15","823.56","814.25","1.73B","-0.39%"
"08/14/2025","820.42","828.77","832.00","819.68","1.82B","-1.16%"
"08/13/2025","830.05","826.72","832.50","820.40","2.59B","1.46%"
"08/08/2025","818.09","820.52","823.69","814.02","1.97B","-0.85%"
"08/07/2025","825.09","827.76","836.45","821.42","2.28B","0.19%"
"08/06/2025","823.56","820.47","826.10","815.53","2.52B","0.98%"
"08/05/2025","815.58","811.28","819.91","809.05","1.89B","1.14%"
"08/04/2025","806.38","799.81","807.87","793.67","1.43B","1.25%"
"08/01/2025","796.43","821.06","823.48","795.49","2.28B","-2.25%"
"07/31/2025","814.78","813.05","820.66","804.46","1.96B","-0.08%"
"07/30/2025","815.40","811.78","817.66","809.33","2.25B","0.65%"
"07/29/2025","810.12","803.64","811.56","796.10","1.73B","1.51%"
"07/25/2025","798.05","787.95","799.26","787.60","1.26B","0.51%"
"07/24/2025","794.00","794.12","804.66","789.11","1.72B","-0.56%"
"07/23/2025","798.47","787.84","801.32","787.37","2.04B","2.46%"
"07/22/2025","779.28","790.75","793.29","778.51","1.89B","-1.36%"
"07/21/2025","789.99","794.29","797.70","783.44","1.65B","0.07%"
"07/18/2025","789.42","781.93","791.85","780.73","2.17B","0.84%"
"07/17/2025","782.85","758.26","783.94","756.93","2.30B","3.93%"
"07/16/2025","753.26","754.41","760.77","750.66","1.80B","-0.26%"
"07/15/2025","755.26","743.65","756.74","740.21","2.02B","1.51%"
"07/14/2025","744.01","728.84","744.01","728.10","1.41B","2.19%"
"07/11/2025","728.07","725.91","735.77","725.09","1.24B","0.98%"
"07/09/2025","720.98","723.78","727.79","718.89","1.28B","-0.43%"
"07/08/2025","724.09","722.57","728.22","720.79","1.33B","-0.70%"
"07/07/2025","729.21","721.92","729.21","717.45","1.58B","0.42%"
"07/04/2025","726.16","732.10","733.03","723.08","1.28B","-0.82%"
"07/03/2025","732.19","725.39","733.38","724.51","1.40B","0.80%"
"07/02/2025","726.38","721.64","726.38","718.62","1.26B","0.37%"
"07/01/2025","723.73","712.86","723.87","706.23","1.66B","2.14%"
"06/30/2025","708.60","708.93","713.63","701.79","1.94B","0.69%"
"06/27/2025","703.75","720.28","720.67","700.48","1.59B","-2.57%"
"06/26/2025","722.33","723.19","731.58","721.09","1.72B","-0.42%"
"06/25/2025","725.35","716.20","728.40","713.44","2.67B","0.72%"
"06/24/2025","720.17","703.18","720.17","701.90","2.53B","3.99%"
"06/23/2025","692.53","688.11","696.18","684.49","1.57B","-0.10%"
"06/20/2025","693.21","695.65","703.59","691.09","2.58B","0.05%"
"06/19/2025","692.83","701.65","704.69","690.91","2.46B","-2.46%"
"06/18/2025","710.29","723.92","729.42","710.29","1.78B","-1.91%"
"06/17/2025","724.09","727.65","728.51","722.97","1.02B","-0.22%"
"06/16/2025","725.71","729.42","732.53","720.39","1.75B","-0.62%"
"06/13/2025","730.27","730.19","733.65","726.78","1.89B","-0.39%"
"06/12/2025","733.14","741.28","743.79","731.47","1.43B","-1.24%"
"06/11/2025","742.31","741.52","745.07","739.81","1.18B","0.38%"
"06/10/2025","739.49","735.65","743.22","735.65","1.44B","0.45%"
"06/09/2025","736.15","742.20","743.85","734.22","1.03B","-0.20%"
"06/06/2025","737.62","741.12","741.67","731.97","1.21B","-0.50%"
"06/05/2025","741.35","739.16","745.17","736.81","1.29B","0.95%"
"06/04/2025","734.36","744.44","746.24","730.15","1.86B","-1.56%"
"05/30/2025","746.02","751.47","755.66","746.02","2.86B","-1.59%"
"05/29/2025","758.11","767.71","769.86","757.14","1.35B","0.28%"
"05/28/2025","756.00","762.47","765.98","755.78","1.21B","-0.35%"
"05/27/2025","758.66","768.81","768.81","755.81","1.27B","-1.53%"
"05/26/2025","770.46","770.18","771.80","762.35","1.10B","0.26%"
"05/23/2025","768.45","769.95","775.17","766.44","1.33B","0.24%"
"05/22/2025","766.63","765.60","772.61","765.25","1.38B","-0.36%"
"05/21/2025","769.40","777.86","782.88","766.29","1.65B","-0.67%"
"05/20/2025","774.62","777.30","781.93","772.24","1.80B","0.35%"
"05/19/2025","771.93","775.81","779.53","770.28","1.57B","-0.93%"
"05/16/2025","779.20","781.78","786.06","774.52","1.40B","0.10%"
"05/15/2025","778.41","788.19","790.61","775.50","1.80B","-1.95%"
"05/14/2025","793.90","790.80","795.72","785.47","1.77B","0.50%"
"05/13/2025","789.97","801.92","805.23","788.23","2.35B","0.07%"
"05/09/2025","789.38","788.37","791.19","776.85","1.82B","0.74%"
"05/08/2025","783.61","791.22","794.31","783.07","1.94B","-1.27%"
"05/07/2025","793.73","777.89","793.73","775.73","2.23B","3.14%"
"05/06/2025","769.57","778.31","779.85","769.22","1.80B","-0.94%"
"05/02/2025","776.89","787.49","790.70","774.35","1.76B","0.14%"
"04/30/2025","775.79","754.52","775.79","752.65","2.04B","2.89%"
"04/29/2025","754.00","744.43","754.00","740.54","1.45B","1.45%"
"04/28/2025","743.23","743.91","747.99","740.61","1.06B","0.23%"
"04/25/2025","741.52","738.89","743.60","736.20","1.18B","1.23%"
"04/24/2025","732.52","734.49","739.32","730.00","1.28B","-0.82%"
"04/23/2025","738.54","737.53","742.76","732.71","1.71B","1.14%"
"04/22/2025","730.20","720.02","732.27","718.69","1.82B","0.83%"
"04/21/2025","724.16","734.16","737.77","720.64","1.79B","-1.57%"
"04/18/2025","735.70","731.23","737.92","729.34","1.55B","0.88%"
"04/17/2025","729.31","728.35","733.03","725.50","1.39B","-0.14%"
"04/16/2025","730.31","725.46","733.41","717.92","1.73B","0.45%"
"04/11/2025","727.04","726.12","732.49","718.90","1.63B","-0.38%"
"04/10/2025","729.82","730.53","739.55","720.88","2.13B","4.85%"
"04/09/2025","696.06","682.30","701.24","676.75","2.43B","1.81%"
"04/08/2025","683.69","680.16","687.41","667.69","2.89B","-4.40%"
"04/04/2025","715.17","736.56","737.09","713.61","2.12B","-3.57%"
"04/03/2025","741.67","741.54","744.70","737.49","1.72B","-1.30%"
"04/02/2025","751.43","747.52","754.16","746.25","1.19B","0.51%"
"04/01/2025","747.60","745.48","751.61","745.07","871.77M","1.06%"
"03/31/2025","739.77","737.73","747.03","737.73","1.64B","-1.46%"
"03/28/2025","750.73","756.71","756.88","748.76","894.66M","-1.10%"
"03/27/2025","759.10","759.32","762.76","756.82","1.39B","-0.03%"
"03/26/2025","759.36","756.45","762.84","756.45","1.15B","0.55%"
"03/25/2025","755.22","758.42","758.72","750.91","1.28B","-0.40%"
"03/24/2025","758.24","755.89","759.88","751.43","851.85M","0.49%"
"03/21/2025","754.58","752.41","755.23","748.61","2.57B","0.89%"
"03/20/2025","747.90","755.65","762.13","747.90","1.35B","-0.79%"
"03/19/2025","753.88","746.38","758.66","743.75","1.36B","1.19%"
"03/18/2025","745.01","745.88","748.84","737.65","1.44B","0.70%"
"03/17/2025","739.84","744.69","747.02","736.53","1.21B","-0.42%"
"03/14/2025","742.98","735.29","745.89","733.23","1.35B","1.39%"
"03/13/2025","732.83","736.00","739.37","731.42","1.10B","-0.03%"
"03/12/2025","733.03","750.42","751.86","731.10","1.79B","-2.51%"
"03/11/2025","751.89","737.67","754.20","733.19","1.82B","0.91%"
"03/10/2025","745.12","757.73","758.91","745.12","1.27B","-2.37%"
"03/07/2025","763.23","753.39","763.36","751.89","1.45B","1.22%"
"03/06/2025","754.01","766.40","766.79","751.77","1.67B","-1.67%"
"03/05/2025","766.78","752.39","768.56","750.36","1.72B","2.78%"
"03/04/2025","746.01","751.10","760.55","742.55","1.68B","-1.24%"
"03/03/2025","755.38","769.43","772.36","753.37","1.69B","-1.48%"
"02/28/2025","766.70","757.89","769.06","753.75","2.90B","-1.12%"
"02/27/2025","775.42","781.98","787.26","773.02","1.90B","-1.22%"
"02/26/2025","785.03","770.79","787.63","769.78","2.64B","2.14%"
"02/25/2025","768.55","784.00","784.00","768.44","2.23B","-2.41%"
"02/24/2025","787.51","792.01","792.04","781.71","2.19B","-0.95%"
"02/21/2025","795.09","793.60","800.91","790.96","1.60B","0.00%"
"02/20/2025","795.06","801.96","806.72","791.61","2.09B","-1.67%"
"02/19/2025","808.57","805.48","814.49","804.39","2.10B","0.05%"
"02/18/2025","808.20","811.42","813.51","804.16","1.57B","-0.32%"
"02/17/2025","810.82","805.13","812.95","798.94","2.05B","-2.18%"
"02/14/2025","828.87","840.59","841.22","827.03","1.57B","-1.24%"
"02/13/2025","839.29","840.06","849.78","836.63","1.43B","0.26%"
"02/11/2025","837.12","831.38","838.81","828.22","1.25B","0.87%"
"02/10/2025","829.87","831.81","833.43","822.79","1.62B","-1.00%"
"02/07/2025","838.22","826.30","838.22","817.22","2.28B","1.96%"
"02/06/2025","822.10","840.27","841.17","820.18","1.89B","-1.91%"
"02/05/2025","838.08","847.30","850.87","834.01","1.40B","-1.22%"
"02/04/2025","848.47","854.03","858.32","847.16","1.47B","-0.13%"
"02/03/2025","849.54","826.89","849.54","823.53","2.15B","-0.80%"
"01/31/2025","856.40","871.27","872.79","852.95","2.11B","-1.59%"
"01/30/2025","870.26","874.72","876.99","868.46","1.25B","-0.60%"
"01/29/2025","875.48","880.98","881.72","873.00","1.71B","-0.12%"
"01/28/2025","876.49","867.77","878.29","867.77","1.53B","0.30%"
"01/27/2025","873.85","879.94","883.89","873.15","1.04B","-1.18%"
"01/24/2025","884.29","881.98","884.46","877.78","1.08B","0.77%"
"01/23/2025","877.57","889.00","890.84","877.57","1.47B","-1.48%"
"01/22/2025","890.71","885.44","892.22","885.29","2.03B","0.78%"
"01/21/2025","883.85","880.71","888.15","877.18","1.36B","0.89%"
"01/20/2025","876.01","879.18","883.27","873.63","1.09B","0.03%"
"01/17/2025","875.76","880.15","886.46","874.31","1.38B","-0.86%"
"01/16/2025","883.40","890.78","891.83","879.01","1.18B","-0.07%"
"01/15/2025","884.02","876.52","884.02","869.93","1.38B","1.11%"
"01/14/2025","874.32","889.70","889.70","874.09","1.49B","-0.90%"
"01/13/2025","882.28","885.88","889.06","878.62","1.44B","-1.13%"
"01/10/2025","892.34","887.88","894.63","880.06","1.35B","0.51%"
"01/09/2025","887.78","899.89","899.89","885.80","1.45B","-1.60%"
"01/08/2025","902.20","902.93","905.03","897.06","1.03B","-0.08%"
"01/07/2025","902.90","890.96","906.27","890.96","1.17B","1.59%"
"01/06/2025","888.73","899.56","900.90","886.76","1.28B","-0.82%"
"01/03/2025","896.07","894.62","899.22","890.93","793.19M","0.49%"
"01/02/2025","891.72","904.48","906.10","890.13","962.66M","-1.60%"
"12/30/2024","906.23","910.62","915.79","905.96","807.32M","-0.29%"
"12/27/2024","908.90","906.94","916.00","904.10","729.34M","0.27%"
"12/26/2024","906.41","906.77","909.57","903.59","757.57M","-0.08%"
"12/25/2024","907.17","907.45","910.27","904.22","1.05B","0.30%"
"12/24/2024","904.44","902.36","906.79","900.32","779.47M","0.50%"
"12/23/2024","899.93","890.55","900.90","885.51","1.38B","1.83%"
"12/20/2024","883.72","889.65","892.45","880.01","1.96B","-0.82%"
"12/19/2024","891.01","894.48","902.25","888.20","1.36B","-1.62%"
"12/18/2024","905.70","905.59","909.35","898.04","1.42B","0.30%"
"12/17/2024","903.02","918.86","921.50","901.41","1.37B","-1.85%"
"12/16/2024","920.01","919.50","922.05","915.04","996.08M","-0.37%"
"12/13/2024","923.47","926.25","928.90","921.69","1.76B","-0.70%"
"12/12/2024","930.00","935.80","943.29","929.22","1.40B","-0.19%"
"12/11/2024","931.80","932.25","939.71","930.41","848.22M","-0.32%"
"12/09/2024","934.77","934.40","936.57","929.33","802.71M","-0.20%"
"12/06/2024","936.67","934.99","939.78","933.33","990.16M","0.13%"
"12/04/2024","935.49","939.52","941.44","933.54","1.04B","-0.44%"
"12/03/2024","939.60","930.08","940.59","930.05","1.39B","1.42%"
"12/02/2024","926.46","921.23","926.46","913.58","965.02M","0.87%"
"11/29/2024","918.45","921.75","924.49","915.94","1.43B","-0.27%"
"11/28/2024","920.96","923.21","925.87","916.57","1.17B","-0.25%"
"11/27/2024","923.23","926.83","927.68","919.34","1.05B","-0.57%"
"11/26/2024","928.55","931.06","936.09","926.34","884.93M","-0.34%"
"11/25/2024","931.75","938.47","940.71","930.80","1.36B","-0.20%"
"11/22/2024","933.61","932.36","936.88","925.19","1.26B","0.48%"
"11/21/2024","929.11","930.69","940.20","925.81","1.02B","-2.00%"
"11/20/2024","948.03","947.19","948.06","941.75","935.91M","0.34%"
"11/19/2024","944.85","945.09","953.71","943.56","1.20B","0.63%"
"11/18/2024","938.91","936.60","942.62","931.68","876.33M","0.79%"
"11/15/2024","931.56","939.73","942.09","927.21","1.15B","-0.47%"
"11/14/2024","935.95","935.75","944.90","928.79","1.33B","-0.07%"
"11/13/2024","936.61","934.25","946.68","934.02","957.52M","0.52%"
"11/12/2024","931.81","936.03","940.23","929.44","1.16B","-0.55%"
"11/11/2024","936.93","941.31","942.68","934.47","1.08B","-0.48%"
"11/08/2024","941.49","949.00","950.61","937.24","1.08B","-0.68%"
"11/07/2024","947.96","946.09","953.87","945.00","1.10B","0.36%"
"11/06/2024","944.56","953.99","958.59","941.30","1.48B","-0.81%"
"11/05/2024","952.29","938.46","956.35","936.93","1.04B","1.62%"
"11/04/2024","937.15","938.76","943.54","934.93","860.62M","0.15%"
"11/01/2024","935.77","935.54","938.29","931.92","886.79M","-0.10%"
"10/31/2024","936.69","924.01","939.77","924.01","1.08B","1.26%"
"10/30/2024","924.99","924.99","930.82","921.79","1.25B","-0.25%"
"10/29/2024","927.31","928.24","935.12","925.90","1.13B","-0.09%"
"10/28/2024","928.13","937.81","938.95","926.00","1.75B","-1.00%"
"10/25/2024","937.49","937.54","941.40","932.32","1.23B","0.27%"
"10/24/2024","934.94","938.68","945.58","933.51","1.69B","-0.75%"
"10/22/2024","941.96","951.18","953.67","939.12","1.50B","-1.24%"
"10/21/2024","953.76","957.23","958.20","948.36","1.35B","-0.10%"
"10/18/2024","954.67","955.18","965.78","953.65","1.84B","-0.19%"
"10/17/2024","956.49","951.25","959.39","950.56","1.42B","0.93%"
"10/16/2024","947.65","934.77","950.46","933.29","1.91B","1.20%"
"10/15/2024","936.38","938.14","945.15","934.92","1.41B","-0.03%"
"10/11/2024","936.64","937.99","945.43","936.08","1.57B","0.15%"
"10/10/2024","935.24","930.33","940.46","926.71","1.18B","0.96%"
"10/09/2024","926.37","923.37","929.25","922.13","1.25B","0.47%"
"10/08/2024","922.03","919.32","927.42","918.56","1.51B","-0.05%"
"10/07/2024","922.53","916.97","923.16","915.71","1.57B","0.57%"
"10/04/2024","917.34","914.50","920.26","909.29","1.66B","0.26%"
"10/03/2024","914.94","914.17","919.97","910.26","1.57B","-0.33%"
"10/02/2024","917.98","923.03","925.25","914.45","1.64B","-0.74%"
"10/01/2024","924.78","914.19","928.42","914.17","1.66B","1.17%"
"09/30/2024","914.07","910.97","917.88","910.36","1.45B","-0.15%"
"09/27/2024","915.43","919.03","922.62","912.11","2.10B","-0.55%"
"09/26/2024","920.46","925.23","926.58","916.11","1.82B","-0.41%"
"09/25/2024","924.27","927.23","931.59","922.11","2.12B","-0.04%"
"09/24/2024","924.61","915.77","925.72","912.94","1.55B","1.25%"
"09/23/2024","913.23","915.70","917.72","908.27","1.48B","-0.04%"
"09/20/2024","913.59","919.56","922.50","913.59","2.17B","-0.45%"
"09/19/2024","917.74","907.48","917.74","903.87","2.45B","1.42%"
"09/18/2024","904.90","906.84","913.14","903.15","2.43B","-0.18%"
"09/17/2024","906.50","905.55","907.94","901.70","2.22B","0.19%"
"09/16/2024","904.75","899.90","906.15","897.75","2.84B","0.55%"
"09/13/2024","899.81","902.00","906.14","897.34","2.00B","0.28%"
"09/12/2024","897.32","898.55","904.02","897.00","1.32B","0.44%"
"09/11/2024","893.40","898.84","901.94","886.98","1.90B","-0.93%"
"09/10/2024","901.78","904.05","906.09","897.71","2.26B","-0.29%"
"09/09/2024","904.37","905.27","911.23","896.63","3.23B","-0.11%"
"09/06/2024","905.34","895.60","908.41","894.66","4.25B","1.87%"
"09/05/2024","888.75","865.22","889.76","864.56","2.46B","3.27%"
"09/04/2024","860.59","853.89","862.61","853.89","1.30B","0.04%"
"09/03/2024","860.21","853.98","864.69","853.98","1.49B","0.71%"
"09/02/2024","854.15","853.75","857.20","852.63","1.66B","-0.38%"
"08/30/2024","857.38","859.23","864.15","855.16","2.83B","0.00%"
"08/29/2024","857.40","859.34","863.09","856.46","1.26B","-0.68%"
"08/28/2024","863.26","858.10","866.68","855.36","1.46B","0.32%"
"08/27/2024","860.47","861.18","864.07","858.01","1.50B","-0.09%"
"08/26/2024","861.22","854.11","862.90","851.21","2.35B","0.82%"
"08/23/2024","854.25","846.00","855.15","845.37","2.41B","0.88%"
"08/22/2024","846.76","845.63","849.05","842.50","1.24B","0.15%"
"08/21/2024","845.53","840.32","846.86","838.74","1.21B","0.66%"
"08/20/2024","839.99","839.58","846.73","837.20","1.51B","0.33%"
"08/19/2024","837.25","826.78","837.88","824.11","1.94B","1.44%"
"08/16/2024","825.35","821.82","827.19","820.18","1.38B","0.93%"
"08/15/2024","817.71","817.63","818.78","810.09","1.28B","-0.14%"
"08/14/2024","818.89","824.40","828.92","810.92","2.09B","-0.52%"
"08/13/2024","823.16","824.61","825.91","819.77","1.69B","0.04%"
"08/09/2024","822.84","826.28","828.87","818.98","1.74B","0.46%"
"08/08/2024","819.10","815.09","821.51","814.69","1.49B","0.17%"
"08/07/2024","817.70","811.66","819.71","811.66","1.53B","1.43%"
"08/06/2024","806.18","813.54","816.02","805.56","1.28B","0.03%"
"08/05/2024","805.95","816.27","817.52","804.04","2.06B","-2.62%"
"08/02/2024","827.63","827.33","830.77","825.26","1.21B","-0.62%"
"08/01/2024","832.82","832.71","837.52","829.93","1.53B","0.11%"
"07/31/2024","831.91","826.43","833.10","825.83","1.74B","1.13%"
"07/30/2024","822.64","825.21","828.28","820.55","1.59B","0.16%"
"07/26/2024","821.29","811.95","821.48","809.52","1.52B","1.28%"
"07/25/2024","810.88","807.51","812.61","807.31","1.42B","-0.29%"
"07/24/2024","813.22","814.69","816.17","810.14","1.66B","-0.33%"
"07/23/2024","815.89","824.30","826.47","814.97","1.89B","-0.85%"
"07/19/2024","822.87","825.27","827.55","822.28","1.35B","-0.61%"
"07/18/2024","827.91","822.62","830.03","822.15","2.19B","0.44%"
"07/17/2024","824.25","825.75","829.54","822.63","1.32B","0.20%"
"07/16/2024","822.62","826.05","828.09","821.18","1.25B","-0.43%"
"07/15/2024","826.14","823.47","826.97","820.58","1.17B","-0.15%"
"07/12/2024","827.38","825.40","828.51","823.55","1.44B","0.05%"
"07/11/2024","826.95","823.96","827.64","819.14","1.21B","0.60%"
"07/10/2024","821.98","819.33","824.03","818.11","1.15B","0.39%"
"07/09/2024","818.75","820.17","821.23","815.64","1.18B","-0.11%"
"07/08/2024","819.63","813.41","819.63","812.52","1.06B","0.69%"
"07/05/2024","814.04","810.33","814.45","806.65","1.17B","0.67%"
"07/04/2024","808.62","808.72","814.02","808.20","919.13M","0.49%"
"07/03/2024","804.69","800.98","805.61","799.15","892.13M","0.57%"
"07/02/2024","800.12","804.26","804.55","797.41","1.31B","-0.71%"
"07/01/2024","805.84","806.33","809.54","802.91","1.11B","-0.03%"
"06/28/2024","806.10","812.58","812.86","803.44","2.33B","-0.67%"
"06/27/2024","811.50","814.56","815.42","809.44","1.26B","-0.74%"
"06/26/2024","817.58","819.31","821.05","814.80","1.21B","0.13%"
"06/25/2024","816.55","816.04","820.06","814.13","1.57B","0.13%"
"06/24/2024","815.52","805.79","816.95","803.90","1.65B","0.84%"
"06/21/2024","808.74","804.42","813.45","800.39","2.32B","0.19%"
"06/20/2024","807.17","810.06","810.90","803.33","1.49B","-0.48%"
"06/19/2024","811.09","805.35","811.09","796.93","2.33B","1.09%"
"06/18/2024","802.35","804.89","811.37","801.16","1.38B","0.00%"
"06/17/2024","802.38","807.99","807.99","796.62","1.32B","-0.79%"
"06/14/2024","808.76","809.95","812.88","806.47","1.21B","-0.22%"
"06/13/2024","810.56","815.42","817.45","809.08","1.18B","-0.27%"
"06/12/2024","812.74","810.28","815.47","808.41","1.63B","0.35%"
"06/11/2024","809.92","811.37","816.80","808.25","1.40B","-0.21%"
"06/10/2024","811.63","817.01","817.84","806.78","1.48B","-1.00%"
"06/07/2024","819.85","816.31","821.76","815.57","1.57B","0.33%"
"06/06/2024","817.15","825.09","827.21","815.27","1.55B","-0.69%"
"06/05/2024","822.85","824.01","827.43","819.43","1.99B","0.07%"
"06/04/2024","822.31","830.08","833.37","821.55","2.39B","-0.44%"
"05/31/2024","825.96","832.22","836.65","824.23","4.09B","-0.53%"
"05/30/2024","830.37","826.78","832.33","823.05","1.41B","0.10%"
"05/29/2024","829.58","837.11","839.96","829.58","1.31B","-1.18%"
"05/28/2024","839.50","843.69","844.09","838.31","1.10B","-0.37%"
"05/27/2024","842.65","843.24","844.32","838.80","1.27B","0.30%"
"05/24/2024","840.13","838.34","841.66","837.24","1.57B","-0.40%"
"05/23/2024","843.52","842.70","847.16","841.26","1.47B","-0.15%"
"05/21/2024","844.77","849.32","849.32","842.26","1.19B","-0.72%"
"05/20/2024","850.86","855.70","858.61","849.53","1.35B","-0.35%"
"05/17/2024","853.89","850.34","855.38","848.81","996.58M","0.44%"
"05/16/2024","850.15","847.81","854.95","846.09","1.29B","0.66%"
"05/15/2024","844.54","848.47","849.14","842.22","1.50B","-0.38%"
"05/14/2024","847.74","845.23","850.34","844.27","1.07B","0.39%"
"05/13/2024","844.41","844.26","846.89","840.11","1.30B","0.08%"
"05/10/2024","843.75","842.42","844.31","838.97","749.44M","0.29%"
"05/09/2024","841.31","843.84","847.55","839.87","1.11B","-0.23%"
"05/08/2024","843.29","846.45","847.48","842.87","1.28B","-0.29%"
"05/07/2024","845.72","844.16","851.91","843.54","1.50B","0.63%"
"05/03/2024","840.39","837.84","842.68","836.64","1.19B","0.62%"
"05/02/2024","835.21","838.63","840.71","834.81","1.52B","-0.33%"
"04/30/2024","837.97","836.17","841.99","834.65","1.21B","0.47%"
"04/29/2024","834.08","837.37","837.41","828.80","1.14B","0.05%"
"04/26/2024","833.69","837.23","838.24","832.08","978.91M","-0.34%"
"04/25/2024","836.55","832.91","838.11","831.31","1.01B","0.22%"
"04/24/2024","834.74","837.50","837.67","830.48","1.24B","0.31%"
"04/23/2024","832.20","830.29","836.19","829.73","1.44B","0.55%"
"04/22/2024","827.66","825.20","829.13","821.36","1.16B","1.33%"
"04/19/2024","816.80","820.35","824.43","815.35","1.76B","-2.17%"
"04/18/2024","834.89","840.34","843.74","826.82","1.70B","-0.56%"
"04/17/2024","839.55","845.71","847.29","837.01","1.70B","-2.31%"
"04/11/2024","859.39","866.25","867.21","858.28","1.13B","-1.03%"
"04/10/2024","868.31","866.50","871.51","864.90","1.08B","0.40%"
"04/09/2024","864.86","848.92","864.86","846.88","1.49B","2.21%"
"04/05/2024","846.14","842.00","848.02","839.88","703.34M","0.23%"
"04/04/2024","844.16","846.35","847.52","840.40","862.30M","-0.03%"
"04/03/2024","844.40","842.58","849.77","841.93","1.27B","-0.17%"
"04/02/2024","845.81","843.53","847.19","841.89","1.27B","0.07%"
"04/01/2024","845.21","845.49","849.12","841.71","862.94M","0.09%"
"03/29/2024","844.41","839.87","844.91","839.20","827.35M","0.73%"
"03/28/2024","838.31","846.20","847.49","836.85","963.86M","-0.87%"
"03/27/2024","845.66","842.30","849.07","841.79","851.05M","0.18%"
"03/26/2024","844.10","841.36","845.84","838.89","1.10B","0.29%"
"03/25/2024","841.69","847.31","850.91","838.73","1.23B","-0.72%"
"03/22/2024","847.80","847.79","853.09","846.33","1.06B","-0.35%"
"03/21/2024","850.82","848.34","851.75","847.39","926.26M","1.16%"
"03/20/2024","841.04","847.51","849.01","840.11","885.42M","-0.58%"
"03/19/2024","845.98","847.83","852.28","845.67","834.04M","-0.32%"
"03/18/2024","848.72","848.91","853.47","847.53","981.08M","0.19%"
"03/15/2024","847.13","850.59","852.21","847.03","1.54B","-0.85%"
"03/14/2024","854.36","846.82","854.80","845.14","1.06B","0.90%"
"03/13/2024","846.75","843.14","849.14","842.03","1.11B","0.40%"
"03/12/2024","843.40","845.52","847.20","839.44","988.60M","0.08%"
"03/11/2024","842.76","845.37","848.59","841.96","923.63M","-0.62%"
"03/08/2024","848.02","839.01","848.12","838.48","903.88M","1.15%"
"03/07/2024","838.39","839.86","842.07","833.14","1.05B","0.13%"
"03/06/2024","837.26","827.70","841.06","827.43","1.11B","0.95%"
"03/05/2024","829.39","828.85","831.72","823.55","1.21B","-0.26%"
"03/04/2024","831.58","834.91","837.55","830.85","914.68M","-0.27%"
"03/01/2024","833.85","836.02","840.06","832.36","1.30B","-0.28%"
"02/29/2024","836.19","841.16","842.23","832.90","2.44B","-0.66%"
"02/28/2024","841.77","846.66","847.41","840.57","1.10B","-0.96%"
"02/27/2024","849.90","853.81","856.86","847.28","1.52B","-0.61%"
"02/23/2024","855.12","858.19","858.64","853.39","1.31B","-0.28%"
"02/22/2024","857.54","854.20","859.80","851.40","1.39B","0.65%"
"02/21/2024","852.03","844.02","852.93","840.61","1.59B","1.10%"
"02/20/2024","842.74","847.04","847.66","838.50","1.10B","-0.41%"
"02/19/2024","846.24","843.27","848.38","842.38","868.23M","0.03%"
"02/16/2024","845.97","850.72","852.87","843.26","1.14B","0.09%"
"02/15/2024","845.18","845.37","849.14","842.42","1.17B","0.08%"
"02/14/2024","844.51","843.66","846.80","841.39","941.79M","-0.76%"
"02/13/2024","850.94","850.96","855.08","849.87","932.79M","0.17%"
"02/12/2024","849.52","849.26","851.99","846.78","796.56M","0.11%"
"02/09/2024","848.58","850.41","851.86","846.71","684.73M","-0.12%"
"02/08/2024","849.62","856.49","860.04","849.12","1.08B","-0.91%"
"02/07/2024","857.43","857.17","859.30","853.07","1.11B","0.24%"
"02/06/2024","855.37","847.98","858.54","847.98","1.40B","1.05%"
"02/05/2024","846.52","846.28","851.02","843.82","1.38B","-0.09%"
"02/02/2024","847.31","841.95","849.07","841.50","1.17B","1.33%"
"02/01/2024","836.15","833.73","840.26","829.39","1.16B","0.26%"
"01/31/2024","834.02","839.59","840.02","830.29","1.31B","-0.53%"
"01/30/2024","838.49","840.65","841.82","836.37","1.27B","-0.33%"
"01/29/2024","841.30","841.29","844.12","834.65","1.04B","0.53%"
"01/26/2024","836.86","841.95","844.76","833.99","1.10B","-0.64%"
"01/25/2024","842.28","843.20","844.77","838.19","1.24B","-0.46%"
"01/24/2024","846.15","831.57","847.60","829.42","1.51B","1.88%"
"01/23/2024","830.52","839.60","841.41","827.20","1.86B","-0.74%"
"01/22/2024","836.68","845.91","845.98","836.19","2.94B","-1.03%"
"01/19/2024","845.38","845.84","849.15","842.24","1.96B","0.54%"
"01/18/2024","840.80","845.14","847.66","838.88","1.54B","-0.33%"
"01/17/2024","843.57","853.82","854.04","841.67","1.74B","-1.57%"
"01/16/2024","857.05","859.99","860.91","855.73","928.12M","-0.41%"
"01/15/2024","860.62","866.88","866.97","858.43","692.36M","-0.58%"
"01/12/2024","865.60","863.35","868.01","862.08","977.20M","0.20%"
"01/11/2024","863.87","869.43","869.83","862.70","724.30M","-0.36%"
"01/10/2024","866.99","868.76","870.61","864.29","1.34B","-0.11%"
"01/09/2024","867.94","875.53","876.04","866.80","957.74M","-0.10%"
"01/08/2024","868.83","874.37","875.34","865.48","1.12B","-0.68%"
"01/05/2024","874.81","879.15","883.38","872.74","1.02B","-0.75%"
"01/04/2024","881.44","879.05","882.72","873.71","1.28B","0.10%"
"01/03/2024","880.60","883.52","885.69","878.32","1.16B","-0.48%"
"01/02/2024","884.83","874.70","886.36","872.71","1.10B","1.09%"
"12/28/2023","875.25","874.11","878.69","873.37","1.39B","0.17%"
"12/27/2023","873.79","878.06","878.77","871.14","1.06B","-0.40%"
"12/26/2023","877.26","873.35","878.07","872.31","774.17M","0.32%"
"12/25/2023","874.45","871.16","875.14","870.85","481.32M","0.34%"
"12/22/2023","871.46","872.37","872.51","866.68","859.28M","0.07%"
"12/21/2023","870.81","865.31","873.54","864.65","1.02B","0.18%"
"12/20/2023","869.24","869.00","874.51","866.65","962.13M","0.26%"
"12/19/2023","866.96","866.53","868.67","862.71","767.06M","0.21%"
"12/18/2023","865.13","860.30","866.89","857.13","691.10M","0.17%"
"12/15/2023","863.64","858.69","867.62","856.36","1.65B","1.03%"
"12/14/2023","854.81","849.50","856.18","846.61","1.03B","1.62%"
"12/13/2023","841.20","847.63","848.15","838.67","973.59M","-1.10%"
"12/12/2023","850.55","854.37","854.64","847.18","924.64M","-0.25%"
"12/08/2023","852.69","852.30","857.76","848.98","984.88M","0.32%"
"12/07/2023","850.00","851.45","853.49","845.88","1.21B","-0.87%"
"12/06/2023","857.44","854.80","860.83","851.50","980.91M","0.20%"
"12/04/2023","855.70","849.48","859.59","848.00","868.29M","0.32%"
"12/01/2023","852.94","853.57","854.87","847.86","884.91M","0.00%"
"11/30/2023","852.94","858.85","859.38","847.26","2.41B","-0.58%"
"11/29/2023","857.90","868.96","869.34","857.52","1.31B","-0.98%"
"11/28/2023","866.36","865.27","869.73","861.32","1.00B","0.65%"
"11/27/2023","860.75","859.18","863.73","855.07","1.02B","-0.24%"
"11/24/2023","862.82","868.14","870.65","860.84","757.64M","-0.56%"
"11/23/2023","867.64","874.93","875.05","863.54","897.34M","-0.79%"
"11/22/2023","874.59","879.86","880.81","869.71","1.12B","-0.78%"
"11/21/2023","881.47","884.79","884.79","877.52","998.28M","0.25%"
"11/20/2023","879.24","876.32","880.29","872.58","1.16B","0.28%"
"11/17/2023","876.75","873.02","882.16","871.70","1.32B","-0.26%"
"11/16/2023","879.00","877.59","879.31","873.85","1.50B","0.02%"
"11/15/2023","878.86","871.74","880.98","870.71","1.90B","2.11%"
"11/14/2023","860.71","863.90","866.22","855.97","1.35B","-0.08%"
"11/13/2023","861.39","861.57","863.11","853.72","1.30B","0.11%"
"11/10/2023","860.48","862.00","870.74","858.14","1.42B","-1.12%"
"11/09/2023","870.23","871.74","874.23","859.62","1.17B","-0.25%"
"11/08/2023","872.38","872.57","876.90","869.27","1.10B","0.10%"
"11/07/2023","871.54","873.63","880.02","869.91","1.15B","-0.55%"
"11/06/2023","876.34","885.81","886.33","876.34","1.10B","-0.27%"
"11/03/2023","878.73","875.42","881.86","873.04","1.12B","1.10%"
"11/02/2023","869.19","863.55","872.42","862.74","1.17B","1.65%"
"11/01/2023","855.05","855.59","860.28","849.82","1.22B","-0.17%"
"10/31/2023","856.53","865.03","865.21","851.57","1.09B","-1.07%"
"10/30/2023","865.78","855.18","867.94","854.84","837.55M","0.76%"
"10/27/2023","859.26","854.96","861.58","845.27","1.08B","1.46%"
"10/26/2023","846.89","859.83","861.05","845.61","1.22B","-2.10%"
"10/25/2023","865.04","865.62","873.81","863.53","1.11B","0.82%"
"10/24/2023","857.99","862.02","863.54","856.23","1.33B","-0.69%"
"10/20/2023","863.93","875.37","877.72","862.01","1.47B","-1.60%"
"10/19/2023","877.98","878.30","880.93","874.43","1.06B","-1.17%"
"10/18/2023","888.33","880.40","891.97","879.67","1.32B","0.83%"
"10/17/2023","880.99","880.18","886.01","877.71","973.05M","0.50%"
"10/16/2023","876.65","885.69","887.69","868.52","1.37B","-1.53%"
"10/12/2023","890.26","893.44","895.18","887.77","961.95M","-0.37%"
"10/11/2023","893.57","880.76","894.50","878.59","1.34B","1.77%"
"10/10/2023","878.02","881.87","882.12","874.31","1.03B","0.40%"
"10/09/2023","874.50","874.98","876.58","868.27","1.12B","-0.28%"
"10/06/2023","876.95","890.93","891.15","874.00","985.74M","-1.23%"
"10/05/2023","887.91","887.84","889.62","880.68","1.09B","0.18%"
"10/04/2023","886.30","873.49","889.02","872.86","1.80B","0.07%"
"10/03/2023","885.67","892.77","893.83","882.38","2.21B","-1.71%"
"10/02/2023","901.06","900.67","906.19","893.99","1.18B","0.20%"
"09/29/2023","899.28","909.59","911.23","899.28","1.56B","-1.16%"
"09/28/2023","909.88","919.65","925.74","908.50","1.75B","-1.07%"
"09/27/2023","919.75","918.26","921.24","913.88","1.32B","0.26%"
"09/26/2023","917.39","921.32","928.96","916.94","1.54B","-0.66%"
"09/25/2023","923.50","934.93","935.14","923.48","1.13B","-1.09%"
"09/22/2023","933.69","927.69","937.63","924.55","1.43B","0.67%"
"09/21/2023","927.52","921.63","929.62","920.22","1.13B","0.36%"
"09/20/2023","924.16","932.74","932.74","920.84","1.38B","-1.00%"
"09/19/2023","933.53","937.01","939.49","932.08","1.11B","-0.39%"
"09/18/2023","937.17","944.04","944.04","935.78","1.05B","-0.94%"
"09/15/2023","946.02","950.78","951.21","945.10","1.43B","-0.14%"
"09/14/2023","947.35","943.26","949.34","939.12","959.62M","0.65%"
"09/13/2023","941.24","946.28","946.28","938.37","1.01B","-0.46%"
"09/12/2023","945.63","944.15","949.43","943.22","951.69M","0.40%"
"09/11/2023","941.90","946.65","948.06","938.35","926.06M","-0.43%"
"09/08/2023","946.00","949.05","951.30","945.87","973.33M","-0.31%"
"09/07/2023","948.94","948.53","953.97","946.43","1.04B","0.02%"
"09/06/2023","948.79","946.71","952.47","944.80","1.67B","0.18%"
"09/05/2023","947.09","948.36","951.37","945.00","1.46B","-0.15%"
"09/04/2023","948.49","958.52","959.30","946.78","1.59B","-0.89%"
"09/01/2023","957.01","959.57","962.12","954.82","1.53B","-0.02%"
"08/31/2023","957.21","964.80","965.62","956.67","4.48B","-0.98%"
"08/30/2023","966.69","966.68","970.42","964.23","1.75B","0.34%"
"08/29/2023","963.46","962.46","967.31","960.11","1.56B","0.28%"
"08/28/2023","960.75","963.80","966.07","958.65","1.27B","0.03%"
"08/25/2023","960.47","957.88","961.90","954.71","1.82B","0.01%"
"08/24/2023","960.35","957.69","965.30","957.69","2.49B","0.59%"
"08/23/2023","954.71","957.33","960.22","951.50","1.73B","0.02%"
"08/22/2023","954.56","949.09","956.73","946.41","2.04B","1.34%"
"08/21/2023","941.98","939.41","945.03","933.87","1.19B","0.57%"
"08/18/2023","936.68","941.60","943.10","934.07","2.00B","-0.81%"
"08/17/2023","944.29","934.76","945.97","932.52","1.37B","0.58%"
"08/16/2023","938.88","936.72","939.78","930.15","1.49B","-0.10%"
"08/15/2023","939.78","950.26","951.24","936.93","1.43B","-1.20%"
"08/11/2023","951.23","952.18","955.45","946.97","2.46B","0.01%"
"08/10/2023","951.10","947.93","951.13","940.46","1.42B","0.32%"
"08/09/2023","948.05","944.12","948.80","939.10","1.11B","0.63%"
"08/08/2023","942.11","953.53","954.83","942.11","1.12B","-1.04%"
"08/07/2023","952.05","950.82","957.81","942.80","1.12B","0.36%"
"08/04/2023","948.68","948.81","955.73","948.46","1.14B","0.10%"
"08/03/2023","947.72","957.71","960.21","947.22","1.49B","-1.59%"
"08/02/2023","963.01","961.51","969.85","958.85","1.46B","-0.33%"
"07/31/2023","966.18","962.36","970.58","961.05","1.53B","0.90%"
"07/27/2023","957.58","947.28","960.28","942.69","1.81B","1.27%"
"07/26/2023","945.55","946.94","948.51","941.92","1.02B","-0.06%"
"07/25/2023","946.10","947.92","951.12","940.79","1.09B","0.22%"
"07/24/2023","944.01","945.28","951.88","940.96","1.18B","-0.13%"
"07/21/2023","945.22","941.01","947.74","935.58","1.50B","0.69%"
"07/20/2023","938.72","947.55","951.46","938.49","1.35B","-0.98%"
"07/19/2023","947.99","949.82","954.82","944.09","1.80B","-0.08%"
"07/18/2023","948.76","941.08","949.08","941.08","1.47B","0.66%"
"07/17/2023","942.50","939.79","945.71","934.90","1.45B","0.50%"
"07/14/2023","937.80","924.90","939.00","924.90","1.43B","1.73%"
"07/13/2023","921.83","920.74","924.74","918.19","1.16B","0.13%"
"07/12/2023","920.65","924.50","929.43","917.61","1.33B","-0.07%"
"07/11/2023","921.32","924.79","926.34","917.40","890.25M","0.16%"
"07/10/2023","919.81","916.85","920.94","908.75","1.05B","0.59%"
"07/07/2023","914.37","908.04","918.20","903.16","873.79M","-0.01%"
"07/06/2023","914.49","921.42","923.53","910.71","1.21B","-1.27%"
"07/05/2023","926.27","925.51","929.72","923.81","1.20B","-0.19%"
"07/04/2023","928.06","919.70","931.00","917.92","1.42B","0.61%"
"07/03/2023","922.40","922.27","923.41","914.05","927.80M","0.34%"
"06/30/2023","919.28","909.37","920.82","908.00","1.87B","1.84%"
"06/29/2023","902.65","897.31","911.03","891.79","2.42B","0.69%"
"06/28/2023","896.42","906.47","908.30","895.16","1.94B","-0.70%"
"06/27/2023","902.74","910.21","914.45","902.74","1.11B","-0.61%"
"06/26/2023","908.30","916.90","919.63","906.54","1.48B","-1.01%"
"06/23/2023","917.58","915.42","921.61","910.60","1.06B","-0.12%"
"06/22/2023","918.69","927.91","928.35","915.29","1.28B","-0.78%"
"06/21/2023","925.93","931.51","933.28","921.45","1.30B","-0.93%"
"06/20/2023","934.61","939.35","942.90","930.41","1.73B","-1.59%"
"06/19/2023","949.69","946.35","953.84","944.31","802.81M","0.09%"
"06/16/2023","948.82","951.16","954.62","939.84","1.60B","0.13%"
"06/15/2023","947.62","945.99","950.81","943.29","1.21B","0.16%"
"06/14/2023","946.07","949.55","952.18","944.30","1.10B","-0.13%"
"06/13/2023","947.28","940.80","950.39","939.92","928.06M","0.79%"
"06/12/2023","939.81","938.24","942.99","936.15","1.25B","-0.19%"
"06/09/2023","941.58","944.80","945.28","938.26","1.24B","-0.46%"
"06/08/2023","945.95","927.06","945.95","924.77","1.63B","2.04%"
"06/07/2023","927.00","925.37","927.68","918.94","1.46B","0.37%"
"06/06/2023","923.54","929.53","930.85","921.70","1.46B","-0.15%"
"06/02/2023","924.89","921.08","927.80","918.88","1.54B","0.83%"
"06/01/2023","917.28","925.34","927.91","916.56","1.45B","-0.80%"
"05/31/2023","924.65","919.23","924.92","916.65","2.63B","-0.24%"
"05/30/2023","926.91","933.01","934.49","923.79","1.36B","-0.52%"
"05/29/2023","931.76","928.23","933.22","927.86","972.41M","0.76%"
"05/26/2023","924.72","926.88","929.05","922.70","1.14B","-0.45%"
"05/25/2023","928.88","929.40","933.06","924.56","1.57B","-0.04%"
"05/24/2023","929.22","926.14","934.28","925.64","1.22B","-0.02%"
"05/23/2023","929.43","926.79","931.42","919.78","1.84B","-0.01%"
"05/22/2023","929.56","912.18","931.52","903.66","1.60B","1.10%"
"05/19/2023","919.44","927.70","928.80","917.52","1.58B","-0.70%"
"05/18/2023","925.91","928.07","936.59","925.91","1.42B","0.32%"
"05/17/2023","922.93","935.31","936.13","918.12","1.68B","-1.22%"
"05/16/2023","934.35","936.03","939.57","932.18","1.40B","-0.16%"
"05/15/2023","935.87","954.75","954.75","933.05","1.72B","-1.25%"
"05/12/2023","947.72","948.57","950.44","938.38","1.50B","-0.30%"
"05/11/2023","950.57","953.01","956.76","948.30","1.47B","-0.12%"
"05/10/2023","951.69","947.47","953.24","943.89","1.18B","0.26%"
"05/09/2023","949.21","949.51","953.34","943.83","1.41B","-0.05%"
"05/08/2023","949.68","936.05","949.68","932.05","1.60B","2.17%"
"05/03/2023","929.50","922.56","930.73","913.14","1.65B","0.27%"
"05/02/2023","927.01","925.86","928.64","918.67","1.03B","0.46%"
"04/28/2023","922.72","928.16","932.89","918.86","939.54M","-0.24%"
"04/27/2023","924.98","931.15","931.67","921.36","818.98M","-1.02%"
"04/26/2023","934.54","934.71","939.02","926.85","1.34B","0.31%"
"04/25/2023","931.62","938.92","940.60","930.36","1.33B","-0.83%"
"04/24/2023","939.38","936.02","940.92","934.52","1.08B","0.09%"
"04/21/2023","938.50","942.37","948.37","931.70","2.05B","-0.53%"
"04/20/2023","943.50","952.83","954.96","941.16","1.68B","-1.08%"
"04/19/2023","953.80","956.55","962.49","951.54","1.23B","-0.75%"
"04/18/2023","961.00","965.53","966.54","957.56","1.02B","-0.53%"
"04/17/2023","966.09","961.08","969.22","957.44","1.12B","0.45%"
"04/12/2023","961.76","965.82","966.28","952.52","1.20B","-0.39%"
"04/11/2023","965.51","964.87","966.41","959.95","992.93M","0.21%"
"04/10/2023","963.52","950.72","966.35","946.22","775.73M","1.32%"
"04/07/2023","950.93","947.86","955.00","945.92","936.50M","0.51%"
"04/05/2023","946.12","960.74","961.44","944.75","1.01B","-1.58%"
"04/04/2023","961.27","965.83","967.34","958.09","944.51M","-0.37%"
"04/03/2023","964.83","975.01","977.46","961.42","758.79M","-0.97%"
"03/31/2023","974.26","970.47","976.98","968.78","745.13M","0.49%"
"03/30/2023","969.55","971.63","975.04","964.65","1.05B","-0.20%"
"03/29/2023","971.45","970.93","974.30","965.49","1.03B","0.38%"
"03/28/2023","967.78","965.41","968.63","964.04","1.43B","0.81%"
"03/27/2023","960.01","962.36","962.91","956.06","760.85M","-0.04%"
"03/24/2023","960.41","963.69","966.12","958.44","970.43M","-0.09%"
"03/23/2023","961.29","954.89","965.39","951.84","1.42B","0.48%"
"03/22/2023","956.67","954.93","958.93","951.26","1.37B","0.76%"
"03/21/2023","949.49","940.00","951.41","938.19","1.21B","1.66%"
"03/20/2023","933.94","937.54","944.41","925.89","1.39B","-0.69%"
"03/17/2023","940.40","939.65","946.53","933.89","1.84B","0.81%"
"03/16/2023","932.80","928.13","936.37","921.90","1.72B","-0.55%"
"03/15/2023","937.98","923.91","944.35","923.56","1.77B","2.99%"
"03/14/2023","910.71","933.92","939.42","906.76","2.99B","-3.05%"
"03/13/2023","939.39","951.32","959.25","938.67","2.02B","-1.56%"
"03/10/2023","954.28","955.95","959.01","951.63","1.04B","-0.84%"
"03/09/2023","962.35","964.20","968.30","958.88","1.23B","0.06%"
"03/08/2023","961.77","958.13","964.54","953.36","1.40B","-0.54%"
"03/07/2023","967.02","965.74","972.48","965.36","1.75B","0.64%"
"03/03/2023","960.90","966.55","966.76","958.58","1.86B","-0.46%"
"03/02/2023","965.31","966.41","973.55","962.01","1.25B","-0.17%"
"03/01/2023","966.94","969.37","972.60","965.61","1.09B","0.14%"
"02/28/2023","965.56","973.97","976.73","964.03","2.03B","-0.39%"
"02/27/2023","969.33","973.40","975.96","968.82","987.84M","-0.45%"
"02/24/2023","973.75","986.85","987.62","972.22","1.16B","-1.27%"
"02/23/2023","986.26","989.80","990.96","982.75","1.23B","-0.51%"
"02/22/2023","991.27","995.42","996.87","988.97","934.19M","-0.65%"
"02/21/2023","997.76","992.62","998.94","987.36","966.65M","0.62%"
"02/20/2023","991.60","992.72","993.47","987.82","959.07M","0.12%"
"02/17/2023","990.44","991.95","993.57","985.41","1.28B","-0.44%"
"02/16/2023","994.81","990.55","995.98","987.33","991.59M","0.87%"
"02/15/2023","986.19","985.32","990.02","982.18","6.89B","0.01%"
"02/14/2023","986.08","993.26","994.65","983.71","1.15B","-0.49%"
"02/13/2023","990.97","986.10","993.03","984.47","904.32M","0.19%"
"02/10/2023","989.10","990.12","992.38","985.45","1.26B","-0.24%"
"02/09/2023","991.51","992.04","994.08","984.62","1.22B","-0.08%"
"02/08/2023","992.32","1,000.64","1,001.49","990.31","998.63M","-0.59%"
"02/07/2023","998.25","1,000.28","1,004.09","995.65","1.03B","-0.04%"
"02/06/2023","998.63","1,001.86","1,003.32","997.04","641.98M","-0.56%"
"02/03/2023","1,004.22","999.61","1,005.74","996.94","844.00M","0.51%"
"02/02/2023","999.11","1,004.03","1,007.11","998.64","770.56M","-0.33%"
"02/01/2023","1,002.39","996.56","1,003.93","995.91","1.13B","0.95%"
"01/31/2023","992.95","1,002.86","1,003.55","992.13","1.59B","-0.97%"
"01/30/2023","1,002.72","1,004.06","1,005.20","999.30","1.26B","-0.04%"
"01/27/2023","1,003.12","999.54","1,005.32","996.04","1.16B","0.54%"
"01/26/2023","997.69","1,004.97","1,006.22","994.82","1.29B","-0.73%"
"01/25/2023","1,005.04","1,007.48","1,008.75","1,002.17","1.17B","-0.01%"
"01/24/2023","1,005.12","1,009.80","1,013.53","1,004.93","824.13M","-0.10%"
"01/23/2023","1,006.08","1,004.42","1,010.64","1,001.88","1.11B","0.41%"
"01/20/2023","1,001.97","1,009.04","1,009.82","998.39","1.61B","-0.83%"
"01/19/2023","1,010.31","1,005.61","1,011.63","1,004.83","1.01B","0.21%"
"01/18/2023","1,008.22","1,005.34","1,010.03","1,003.28","1.09B","0.39%"
"01/17/2023","1,004.34","1,007.91","1,009.95","1,002.53","1.02B","-0.31%"
"01/16/2023","1,007.45","1,009.29","1,012.57","1,003.50","1.09B","0.10%"
"01/13/2023","1,006.49","1,014.31","1,016.63","1,001.50","1.84B","-0.52%"
"01/12/2023","1,011.80","1,013.26","1,015.10","1,006.74","1.17B","0.02%"
"01/11/2023","1,011.61","1,017.20","1,018.37","1,008.59","1.30B","-0.53%"
"01/10/2023","1,017.02","1,019.61","1,020.39","1,012.62","1.42B","-0.09%"
"01/09/2023","1,017.96","1,015.57","1,020.24","1,014.48","1.40B","1.03%"
"01/06/2023","1,007.61","1,003.79","1,011.48","1,002.84","1.66B","0.51%"
"01/05/2023","1,002.46","1,009.94","1,011.34","999.82","1.77B","-0.74%"
"01/04/2023","1,009.90","1,013.30","1,018.70","1,005.99","1.40B","-0.34%"
"01/03/2023","1,013.39","1,009.84","1,016.78","1,007.95","1.19B","0.81%"
"12/30/2022","1,005.24","1,010.12","1,014.08","1,005.10","1.77B","-0.49%"
"12/29/2022","1,010.19","998.37","1,011.44","995.90","1.17B","0.96%"
"12/28/2022","1,000.54","996.23","1,002.07","994.18","814.76M","0.45%"
"12/27/2022","996.07","986.71","998.02","986.02","1.22B","1.28%"
"12/26/2022","983.51","980.11","985.48","979.23","525.43M","0.54%"
"12/23/2022","978.21","974.47","979.92","972.89","739.02M","0.04%"
"12/22/2022","977.86","976.12","978.43","973.80","678.33M","0.43%"
"12/21/2022","973.64","975.13","975.30","969.31","940.28M","0.00%"
"12/20/2022","973.67","979.80","980.49","968.38","1.08B","-0.59%"
"12/19/2022","979.42","979.57","982.62","975.22","1.17B","-0.08%"
"12/16/2022","980.24","975.34","980.60","973.29","1.54B","0.17%"
"12/15/2022","978.58","983.87","985.33","975.72","1.09B","-0.62%"
"12/14/2022","984.70","983.50","987.28","981.22","987.36M","0.36%"
"12/13/2022","981.17","982.87","984.62","977.14","962.51M","0.22%"
"12/09/2022","979.01","977.90","983.22","974.63","817.21M","0.16%"
"12/08/2022","977.47","979.22","980.26","972.84","956.89M","-0.14%"
"12/07/2022","978.83","983.25","987.36","977.78","1.04B","-0.50%"
"12/06/2022","983.77","985.74","986.56","980.06","1.18B","-0.36%"
"12/02/2022","987.30","993.63","994.21","985.39","843.55M","-0.71%"
"12/01/2022","994.36","996.86","997.99","992.39","1.31B","0.06%"
"11/30/2022","993.78","987.32","994.48","983.53","1.73B","0.70%"
"11/29/2022","986.92","981.12","987.37","978.47","1.08B","0.75%"
"11/28/2022","979.53","978.91","982.56","976.28","793.31M","-0.38%"
"11/25/2022","983.27","985.35","985.84","980.42","743.71M","-0.49%"
"11/24/2022","988.13","991.12","992.12","984.82","948.24M","0.03%"
"11/23/2022","987.84","985.06","990.17","983.13","1.32B","0.60%"
"11/22/2022","981.97","985.15","991.22","979.59","1.40B","-0.28%"
"11/21/2022","984.74","978.92","986.35","976.91","911.52M","0.32%"
"11/18/2022","981.62","980.92","983.55","977.37","932.84M","0.09%"
"11/17/2022","980.74","981.81","983.21","977.47","1.01B","-0.39%"
"11/16/2022","984.61","991.42","991.67","981.99","1.26B","-0.77%"
"11/15/2022","992.23","993.04","996.30","989.20","1.25B","0.01%"
"11/14/2022","992.15","997.43","1,000.05","988.46","1.04B","-0.91%"
"11/11/2022","1,001.30","999.32","1,003.34","994.96","1.65B","1.38%"
"11/10/2022","987.63","982.93","990.30","981.00","1.03B","-0.18%"
"11/09/2022","989.39","994.96","996.86","987.55","1.36B","-0.55%"
"11/08/2022","994.83","990.23","996.85","990.02","994.71M","0.77%"
"11/07/2022","987.27","993.31","995.52","984.97","1.24B","-0.25%"
"11/04/2022","989.77","991.58","997.03","989.30","1.20B","0.01%"
"11/03/2022","989.65","988.66","992.31","986.72","1.04B","-0.18%"
"11/02/2022","991.48","991.04","994.97","987.62","1.01B","0.20%"
"11/01/2022","989.52","983.00","992.01","981.58","1.27B","1.03%"
"10/31/2022","979.45","982.19","985.18","976.27","1.13B","0.29%"
"10/28/2022","976.57","975.35","978.08","970.35","937.19M","0.17%"
"10/27/2022","974.96","969.81","977.20","967.09","1.70B","0.79%"
"10/26/2022","967.34","970.18","971.42","965.33","2.39B","0.00%"
"10/25/2022","967.32","965.90","968.66","962.90","1.89B","0.59%"
"10/21/2022","961.60","959.65","963.66","957.80","1.13B","-0.01%"
"10/20/2022","961.71","950.21","962.98","948.53","1.77B","0.92%"
"10/19/2022","952.96","954.13","956.93","949.59","956.06M","0.01%"
"10/18/2022","952.84","946.36","956.40","945.35","1.43B","1.07%"
"10/17/2022","942.77","938.84","945.27","931.66","1.60B","0.52%"
"10/12/2022","937.91","938.66","941.36","935.14","1.31B","0.07%"
"10/11/2022","937.22","937.99","940.57","933.71","1.09B","-0.36%"
"10/10/2022","940.62","941.54","943.19","936.07","1.20B","-0.62%"
"10/07/2022","946.51","951.09","952.52","941.61","950.77M","-0.39%"
"10/06/2022","950.17","951.90","957.11","950.09","1.40B","0.19%"
"10/05/2022","948.33","951.78","953.98","944.96","1.06B","0.15%"
"10/04/2022","946.89","948.11","950.75","939.90","1.23B","1.00%"
"10/03/2022","937.55","952.76","956.98","936.10","1.72B","-1.77%"
"09/30/2022","954.44","955.62","959.66","952.51","1.20B","-0.24%"
"09/29/2022","956.73","968.24","973.22","954.51","1.49B","-0.73%"
"09/28/2022","963.75","965.31","969.07","962.40","1.54B","-0.92%"
"09/27/2022","972.71","975.65","979.89","970.95","1.67B","-0.22%"
"09/26/2022","974.90","977.80","978.57","970.48","1.80B","-0.61%"
"09/23/2022","980.86","988.26","990.73","980.05","1.08B","-0.84%"
"09/22/2022","989.15","981.36","992.47","977.65","1.21B","0.58%"
"09/21/2022","983.43","986.37","988.62","983.20","1.71B","-0.23%"
"09/20/2022","985.66","986.70","990.22","983.71","1.19B","0.44%"
"09/19/2022","981.37","982.59","984.59","979.35","1.05B","-0.01%"
"09/16/2022","981.42","986.50","988.07","979.63","2.18B","-0.77%"
"09/15/2022","989.04","997.23","997.96","988.56","1.20B","-0.74%"
"09/14/2022","996.41","991.86","998.94","990.42","1.39B","-0.53%"
"09/13/2022","1,001.73","1,003.06","1,005.46","998.97","1.37B","0.05%"
"09/12/2022","1,001.19","997.84","1,004.56","997.20","1.12B","0.78%"
"09/09/2022","993.48","991.43","996.05","988.43","948.75M","0.61%"
"09/08/2022","987.49","993.09","995.19","985.33","1.29B","-0.19%"
"09/07/2022","989.33","988.78","990.58","983.50","1.38B","-0.17%"
"09/06/2022","990.97","986.29","993.75","984.75","1.25B","0.85%"
"09/05/2022","982.59","984.57","984.81","977.33","1.03B","-0.14%"
"09/02/2022","983.99","984.56","987.31","976.98","1.38B","-0.06%"
"09/01/2022","984.55","993.51","995.87","981.10","1.57B","-1.18%"
"08/31/2022","996.33","989.33","998.53","987.55","1.78B","0.17%"
"08/30/2022","994.59","987.10","996.27","984.93","1.24B","0.94%"
"08/29/2022","985.36","982.93","989.91","980.16","1.48B","-1.04%"
"08/26/2022","995.69","996.52","998.54","990.45","1.26B","0.00%"
"08/25/2022","995.67","993.38","997.74","990.80","1.77B","0.76%"
"08/24/2022","988.14","986.78","992.73","982.79","2.06B","0.09%"
"08/23/2022","987.23","975.27","989.54","972.29","1.46B","1.13%"
"08/22/2022","976.20","981.75","984.00","972.97","1.07B","-0.73%"
"08/19/2022","983.35","987.10","989.97","981.73","1.17B","-0.57%"
"08/18/2022","989.00","989.84","991.92","984.87","1.23B","-0.25%"
"08/17/2022","991.48","987.75","993.44","985.67","1.56B","0.49%"
"08/16/2022","986.68","989.11","989.96","983.73","1.49B","0.00%"
"08/15/2022","986.65","985.67","990.44","982.39","1.34B","0.10%"
"08/11/2022","985.62","987.14","987.83","978.63","1.69B","0.25%"
"08/10/2022","983.12","980.68","983.24","974.81","1.52B","0.09%"
"08/09/2022","982.23","978.49","984.80","975.64","1.18B","0.32%"
"08/08/2022","979.06","969.23","979.06","961.49","1.42B","1.00%"
"08/05/2022","969.41","969.56","970.31","964.10","1.51B","0.22%"
"08/04/2022","967.29","969.83","971.85","963.13","1.36B","0.01%"
"08/03/2022","967.19","965.30","969.58","961.60","1.24B","0.16%"
"08/02/2022","965.65","963.50","968.51","961.61","1.44B","0.01%"
"08/01/2022","965.53","962.56","967.61","958.52","1.83B","0.71%"
"07/27/2022","958.73","951.54","959.04","947.73","1.14B","0.87%"
"07/26/2022","950.42","955.13","956.13","949.36","1.20B","-0.28%"
"07/25/2022","953.07","950.58","955.54","945.61","1.05B","0.30%"
"07/22/2022","950.20","948.57","952.24","942.27","2.93B","0.55%"
"07/21/2022","944.99","941.07","946.97","938.22","1.55B","0.32%"
"07/20/2022","941.96","945.45","946.16","938.35","1.32B","0.18%"
"07/19/2022","940.27","944.56","945.85","932.17","1.33B","-0.81%"
"07/18/2022","947.96","944.45","949.64","941.38","1.07B","0.75%"
"07/15/2022","940.90","943.48","944.22","929.92","1.60B","-0.18%"
"07/14/2022","942.57","946.02","949.83","938.29","1.58B","-0.63%"
"07/12/2022","948.50","953.07","954.76","945.46","929.76M","-0.76%"
"07/11/2022","955.75","953.03","955.82","949.09","1.07B","0.15%"
"07/08/2022","954.36","959.41","960.27","950.81","1.27B","-0.05%"
"07/07/2022","954.85","946.14","956.59","943.10","1.56B","1.13%"
"07/06/2022","944.15","943.19","947.33","936.90","1.58B","0.07%"
"07/05/2022","943.49","955.02","957.81","941.19","1.56B","-0.77%"
"07/04/2022","950.85","957.05","959.09","949.52","1.01B","-0.54%"
"07/01/2022","955.99","953.74","958.20","948.88","1.10B","0.52%"
"06/30/2022","951.07","963.43","965.55","948.80","1.51B","-1.25%"
"06/29/2022","963.08","963.19","965.61","959.57","965.40M","-0.58%"
"06/28/2022","968.73","958.59","969.95","955.48","1.23B","1.05%"
"06/27/2022","958.71","956.47","961.87","954.97","1.23B","0.88%"
"06/24/2022","950.36","949.69","951.68","943.69","1.31B","0.74%"
"06/23/2022","943.42","948.14","948.58","940.87","1.35B","-0.25%"
"06/22/2022","945.80","950.86","951.83","939.30","1.49B","-0.93%"
"06/21/2022","954.71","952.71","956.85","947.16","1.45B","0.88%"
"06/20/2022","946.34","942.82","950.24","940.16","1.33B","0.14%"
"06/17/2022","945.05","941.07","952.25","936.57","2.64B","0.02%"
"06/16/2022","944.90","972.18","973.71","944.78","2.45B","-2.18%"
"06/15/2022","965.91","971.21","972.11","962.64","1.47B","-0.49%"
"06/14/2022","970.69","968.12","974.12","964.07","1.37B","0.20%"
"06/13/2022","968.75","975.27","978.03","967.11","1.58B","-1.91%"
"06/10/2022","987.61","989.69","992.73","985.84","1.46B","-0.56%"
"06/09/2022","993.15","988.71","995.94","987.87","2.35B","0.45%"
"06/08/2022","988.66","990.39","991.57","983.94","1.23B","0.26%"
"06/07/2022","986.07","992.69","993.52","984.36","1.34B","-0.92%"
"06/06/2022","995.24","997.63","998.80","987.92","1.42B","-0.07%"
"06/02/2022","995.90","999.30","1,000.33","994.25","1.34B","-0.63%"
"06/01/2022","1,002.24","1,000.98","1,004.63","997.20","1.56B","0.00%"
"05/31/2022","1,002.24","995.60","1,002.27","992.26","2.04B","0.64%"
"05/30/2022","995.88","994.38","998.18","990.79","991.49M","0.89%"
"05/27/2022","987.08","990.58","992.21","982.59","1.27B","0.41%"
"05/26/2022","983.09","981.26","985.03","979.96","1.09B","0.58%"
"05/25/2022","977.46","983.16","988.85","977.13","1.24B","-0.21%"
"05/24/2022","979.56","986.94","987.55","978.75","1.19B","-0.75%"
"05/23/2022","986.94","981.02","986.98","978.41","1.29B","0.98%"
"05/20/2022","977.36","975.45","980.31","973.07","1.27B","1.09%"
"05/19/2022","966.84","964.11","971.48","961.58","1.22B","-1.04%"
"05/18/2022","977.01","972.63","979.27","967.11","1.65B","0.67%"
"05/17/2022","970.51","961.01","971.80","956.04","1.90B","1.83%"
"05/13/2022","953.06","955.93","958.63","949.30","2.03B","0.29%"
"05/12/2022","950.31","958.02","958.73","945.90","2.00B","-1.18%"
"05/11/2022","961.66","964.18","965.66","955.25","2.10B","-0.40%"
"05/10/2022","965.49","953.02","965.49","948.90","2.20B","1.17%"
"05/09/2022","954.33","964.09","964.49","953.46","1.65B","-1.29%"
"05/06/2022","966.79","967.76","972.10","963.95","1.45B","-1.04%"
"05/05/2022","976.98","986.61","989.40","976.89","1.82B","-0.21%"
"05/03/2022","979.01","983.39","984.80","976.79","1.58B","-0.46%"
"04/29/2022","983.56","983.67","989.38","983.25","1.32B","0.00%"
"04/28/2022","983.54","979.57","985.22","977.16","1.45B","0.49%"
"04/27/2022","978.76","980.90","982.69","974.86","1.40B","-0.24%"
"04/26/2022","981.16","987.52","990.66","981.09","2.08B","-0.19%"
"04/25/2022","983.07","987.15","989.08","982.54","1.81B","-1.28%"
"04/22/2022","995.80","994.51","996.85","989.48","1.38B","-0.26%"
"04/21/2022","998.37","997.94","1,001.89","995.88","1.06B","0.45%"
"04/20/2022","993.94","992.32","997.94","989.97","1.51B","0.24%"
"04/19/2022","991.59","997.53","999.75","991.54","1.30B","-0.02%"
"04/18/2022","991.80","991.83","998.46","990.37","1.24B","-0.48%"
"04/12/2022","996.54","998.53","1,001.18","995.24","851.00M","-0.59%"
"04/11/2022","1,002.47","1,003.60","1,005.48","998.66","951.77M","-0.38%"
"04/08/2022","1,006.33","1,008.22","1,010.39","1,002.48","1.26B","0.00%"
"04/07/2022","1,006.38","1,015.57","1,016.32","1,002.48","1.86B","-1.46%"
"04/05/2022","1,021.32","1,024.11","1,027.07","1,019.37","1.08B","-0.15%"
"04/04/2022","1,022.81","1,025.39","1,026.23","1,020.19","1.19B","-0.08%"
"04/01/2022","1,023.66","1,018.20","1,024.14","1,016.60","1.37B","0.39%"
"03/31/2022","1,019.67","1,022.09","1,024.41","1,017.94","975.05M","-0.31%"
"03/30/2022","1,022.83","1,019.64","1,026.10","1,017.18","1.80B","0.59%"
"03/29/2022","1,016.80","1,014.63","1,018.53","1,012.59","1.20B","0.43%"
"03/28/2022","1,012.43","1,010.49","1,015.65","1,008.71","924.32M","0.36%"
"03/25/2022","1,008.81","1,013.95","1,014.35","1,006.35","1.07B","-0.35%"
"03/24/2022","1,012.34","1,007.67","1,014.29","1,006.35","1.22B","0.37%"
"03/23/2022","1,008.61","1,016.13","1,017.42","1,007.85","1.20B","-0.39%"
"03/22/2022","1,012.53","1,009.95","1,014.46","1,008.50","1.64B","0.16%"
"03/21/2022","1,010.88","1,018.09","1,019.31","1,007.97","1.95B","-0.41%"
"03/18/2022","1,015.02","1,021.54","1,023.14","1,015.02","1.94B","-0.41%"
"03/17/2022","1,019.17","1,018.02","1,023.85","1,016.81","1.78B","0.71%"
"03/16/2022","1,011.95","1,005.67","1,012.90","1,002.14","1.65B","1.32%"
"03/15/2022","998.72","1,004.58","1,008.78","994.33","1.60B","-0.96%"
"03/14/2022","1,008.36","1,003.31","1,008.61","1,000.12","1.35B","0.30%"
"03/11/2022","1,005.31","995.43","1,006.81","992.16","1.51B","0.69%"
"03/10/2022","998.41","1,000.33","1,004.53","995.48","2.19B","0.35%"
"03/09/2022","994.96","986.57","995.07","975.27","2.74B","1.22%"
"03/08/2022","982.97","981.04","987.76","958.08","4.02B","-0.06%"
"03/07/2022","983.58","998.92","999.46","976.93","3.74B","-2.58%"
"03/04/2022","1,009.68","1,020.34","1,021.07","1,009.68","2.32B","-1.61%"
"03/03/2022","1,026.15","1,031.04","1,034.67","1,022.74","2.44B","0.27%"
"03/02/2022","1,023.36","1,022.11","1,026.04","1,017.94","2.39B","0.17%"
"03/01/2022","1,021.67","1,022.53","1,026.64","1,018.87","2.15B","0.50%"
"02/28/2022","1,016.58","1,011.95","1,020.54","1,005.40","1.93B","0.40%"
"02/25/2022","1,012.52","1,012.45","1,016.23","1,007.12","1.97B","0.76%"
"02/24/2022","1,004.86","1,014.88","1,017.46","1,000.02","3.10B","-1.65%"
"02/23/2022","1,021.68","1,017.27","1,024.37","1,013.61","1.88B","0.50%"
"02/22/2022","1,016.55","1,009.06","1,016.98","1,005.39","2.32B","-0.31%"
"02/21/2022","1,019.70","1,034.06","1,034.20","1,017.46","3.31B","-1.56%"
"02/18/2022","1,035.89","1,033.14","1,039.55","1,029.61","3.00B","0.00%"
"02/17/2022","1,035.94","1,034.82","1,041.37","1,033.83","3.15B","0.61%"
"02/15/2022","1,029.70","1,023.12","1,031.08","1,020.02","2.58B","0.84%"
"02/14/2022","1,021.09","1,024.47","1,026.31","1,017.25","2.00B","-0.69%"
"02/11/2022","1,028.14","1,023.33","1,029.84","1,020.51","2.65B","-0.17%"
"02/10/2022","1,029.88","1,030.77","1,031.72","1,024.10","2.59B","0.01%"
"02/09/2022","1,029.80","1,015.10","1,031.47","1,014.16","4.37B","1.81%"
"02/08/2022","1,011.50","1,007.91","1,012.07","1,004.87","1.93B","0.53%"
"02/07/2022","1,006.16","1,006.52","1,009.21","998.74","1.87B","0.29%"
"02/04/2022","1,003.29","1,002.29","1,007.48","1,001.50","1.74B","0.31%"
"02/03/2022","1,000.18","996.70","1,002.89","996.70","2.05B","0.04%"
"02/02/2022","999.78","1,000.57","1,002.07","995.05","1.18B","0.16%"
"02/01/2022","998.15","1,000.29","1,001.47","998.06","1.06B","0.49%"
"01/31/2022","993.29","995.91","1,000.29","993.17","1.68B","0.29%"
"01/28/2022","990.46","990.11","994.21","987.79","1.80B","0.21%"
"01/27/2022","988.36","984.41","988.60","977.24","2.61B","-0.38%"
"01/26/2022","992.13","989.70","995.43","988.07","2.16B","0.68%"
"01/25/2022","985.44","981.75","985.84","975.62","2.11B","0.03%"
"01/24/2022","985.15","985.41","989.48","981.81","2.18B","-0.19%"
"01/21/2022","987.06","985.80","989.43","980.71","2.42B","-0.34%"
"01/20/2022","990.44","992.10","994.56","989.66","2.12B","0.13%"
"01/19/2022","989.16","987.06","993.94","985.12","2.51B","0.16%"
"01/18/2022","987.60","998.76","1,000.87","987.06","1.83B","-0.91%"
"01/17/2022","996.67","995.84","999.19","993.60","1.11B","0.28%"
"01/14/2022","993.89","994.58","997.64","989.86","1.59B","-0.31%"
"01/13/2022","996.96","999.53","1,001.51","994.06","1.69B","-0.14%"
"01/12/2022","998.37","998.06","1,000.20","993.85","1.75B","0.66%"
"01/11/2022","991.82","986.44","992.59","986.14","1.38B","0.61%"
"01/10/2022","985.79","987.70","990.32","982.39","1.39B","-0.02%"
"01/07/2022","985.96","988.09","990.41","981.31","1.87B","0.23%"
"01/06/2022","983.71","992.83","994.69","983.14","2.71B","-1.89%"
"01/05/2022","1,002.61","1,000.10","1,004.26","998.04","1.81B","0.32%"
"01/04/2022","999.46","995.80","1,002.71","995.17","2.46B","0.88%"
"12/30/2021","990.75","991.81","993.53","986.45","1.54B","0.15%"
"12/29/2021","989.30","983.23","990.57","981.58","1.85B","0.69%"
"12/28/2021","982.48","978.50","986.04","978.32","1.95B","0.71%"
"12/27/2021","975.51","977.89","978.50","972.06","801.10M","0.04%"
"12/24/2021","975.13","977.15","978.57","972.61","1.04B","-0.08%"
"12/23/2021","975.92","970.02","979.77","969.75","1.65B","1.09%"
"12/22/2021","965.38","966.86","969.30","963.48","849.40M","0.27%"
"12/21/2021","962.82","964.38","968.32","960.83","941.56M","0.37%"
"12/20/2021","959.26","969.43","971.87","956.30","1.74B","-1.90%"
"12/17/2021","977.86","978.82","980.90","974.57","1.77B","-0.27%"
"12/16/2021","980.51","968.68","980.62","963.72","1.91B","1.70%"
"12/15/2021","964.12","967.99","970.64","962.62","849.10M","-0.72%"
"12/14/2021","971.13","962.36","971.36","959.50","1.33B","0.45%"
"12/13/2021","966.81","967.89","969.77","960.96","1.21B","0.47%"
"12/09/2021","962.24","966.18","967.51","958.05","1.45B","-0.23%"
"12/08/2021","964.44","963.35","966.39","957.97","2.01B","0.68%"
"12/07/2021","957.96","952.43","959.75","948.48","1.74B","1.50%"
"12/03/2021","943.76","948.38","951.21","943.69","1.15B","-0.43%"
"12/02/2021","947.84","942.90","948.40","939.68","1.25B","0.00%"
"12/01/2021","947.82","940.99","949.07","931.04","1.90B","1.36%"
"11/30/2021","935.08","955.91","963.18","933.35","3.65B","-1.39%"
"11/29/2021","948.28","961.15","966.70","947.16","2.55B","-1.42%"
"11/26/2021","961.93","980.33","981.54","959.97","4.12B","-2.60%"
"11/25/2021","987.60","992.69","993.69","984.49","2.22B","-0.16%"
"11/24/2021","989.19","989.70","994.89","987.45","2.28B","0.20%"
"11/23/2021","987.26","991.08","992.04","984.91","1.99B","-0.19%"
"11/22/2021","989.18","987.02","992.11","984.81","3.42B","0.49%"
"11/19/2021","984.39","990.63","992.86","982.23","2.71B","-0.48%"
"11/18/2021","989.18","985.22","992.05","984.13","2.59B","0.27%"
"11/17/2021","986.52","987.92","991.63","984.92","3.06B","0.00%"
"11/16/2021","986.51","986.13","990.01","983.13","2.13B","0.25%"
"11/15/2021","984.06","981.27","986.79","980.98","1.64B","0.46%"
"11/12/2021","979.59","982.83","985.04","978.86","1.19B","-0.03%"
"11/11/2021","979.88","978.04","981.93","975.93","1.35B","0.06%"
"11/10/2021","979.27","977.10","981.85","975.13","1.30B","-0.13%"
"11/09/2021","980.53","980.38","983.65","977.14","1.25B","0.03%"
"11/08/2021","980.22","983.65","986.82","976.63","1.47B","0.02%"
"11/05/2021","980.03","980.78","982.59","975.83","944.99M","-0.01%"
"11/04/2021","980.11","973.63","981.70","968.95","1.56B","0.77%"
"11/03/2021","972.64","976.72","978.80","969.53","2.60B","-0.26%"
"11/02/2021","975.13","972.65","977.17","967.65","1.33B","0.49%"
"11/01/2021","970.42","978.17","982.54","967.92","1.28B","-0.44%"
"10/29/2021","974.67","977.62","979.99","972.47","1.14B","-0.20%"
"10/28/2021","976.67","976.35","981.46","973.49","1.35B","-0.07%"
"10/27/2021","977.32","980.90","982.90","976.53","1.66B","-0.68%"
"10/26/2021","984.04","983.08","985.79","976.85","1.57B","0.13%"
"10/25/2021","982.81","989.95","990.85","979.45","1.34B","-0.61%"
"10/21/2021","988.81","990.66","991.66","985.73","1.34B","0.30%"
"10/20/2021","985.86","984.09","987.42","982.60","1.36B","0.39%"
"10/19/2021","982.02","994.39","995.31","978.97","2.26B","-0.91%"
"10/18/2021","991.07","989.77","994.60","987.62","1.70B","0.37%"
"10/15/2021","987.44","990.72","994.78","984.39","1.93B","0.02%"
"10/14/2021","987.28","992.31","993.09","984.18","2.26B","-0.24%"
"10/12/2021","989.66","990.40","992.30","984.89","1.96B","0.73%"
"10/11/2021","982.45","988.75","991.44","979.85","2.27B","-0.33%"
"10/08/2021","985.71","987.97","989.92","982.65","2.08B","0.37%"
"10/07/2021","982.10","977.83","985.78","975.52","3.07B","0.91%"
"10/06/2021","973.25","980.05","982.33","971.54","2.02B","-0.57%"
"10/05/2021","978.86","969.26","980.85","968.44","2.16B","0.79%"
"10/04/2021","971.22","968.74","975.23","968.06","1.69B","0.65%"
"10/01/2021","964.99","960.35","968.09","956.65","1.73B","0.07%"
"09/30/2021","964.35","970.56","974.00","960.49","2.06B","-0.77%"
"09/29/2021","971.85","964.19","976.19","963.42","2.44B","-0.11%"
"09/28/2021","972.95","977.85","980.18","971.04","2.53B","-0.31%"
"09/27/2021","976.02","985.52","987.63","972.88","3.67B","-0.58%"
"09/23/2021","981.73","979.53","985.23","973.38","4.24B","1.27%"
"09/22/2021","969.44","966.67","973.35","964.01","1.78B","0.21%"
"09/21/2021","967.39","961.87","969.94","953.40","1.14B","0.71%"
"09/20/2021","960.58","968.06","970.93","958.15","1.06B","-1.45%"
"09/17/2021","974.71","978.56","980.70","969.39","1.88B","-0.39%"
"09/16/2021","978.53","979.77","981.37","975.17","1.28B","0.28%"
"09/15/2021","975.79","974.63","978.90","971.53","950.92M","0.12%"
"09/14/2021","974.58","985.46","985.46","972.94","1.24B","-0.71%"
"09/13/2021","981.52","983.44","990.15","977.93","1.40B","-0.38%"
"09/10/2021","985.29","984.41","989.09","975.61","1.23B","0.35%"
"09/09/2021","981.86","989.26","995.88","980.60","1.34B","-1.06%"
"09/08/2021","992.35","988.07","993.74","982.58","1.17B","0.10%"
"09/07/2021","991.33","1,001.47","1,005.63","989.87","1.61B","-0.61%"
"09/06/2021","997.45","1,000.94","1,002.92","994.38","898.57M","-0.32%"
"09/03/2021","1,000.64","1,002.94","1,005.67","995.68","935.51M","0.18%"
"09/02/2021","998.81","987.99","1,002.16","986.43","1.51B","1.07%"
"09/01/2021","988.20","994.57","997.23","984.22","1.58B","-0.40%"
"08/31/2021","992.13","985.48","995.78","982.19","1.82B","0.49%"
"08/30/2021","987.31","978.82","989.24","978.18","1.86B","1.56%"
"08/27/2021","972.16","965.17","974.49","962.91","1.59B","0.76%"
"08/26/2021","964.79","965.50","966.91","961.05","976.89M","-0.07%"
"08/25/2021","965.45","959.19","966.03","956.75","1.42B","0.91%"
"08/24/2021","956.78","959.28","966.08","955.41","1.87B","0.27%"
"08/23/2021","954.17","941.35","954.99","941.05","2.44B","2.35%"
"08/20/2021","932.27","931.05","933.88","927.53","1.51B","0.56%"
"08/19/2021","927.09","929.68","934.23","926.58","1.07B","-0.74%"
"08/18/2021","933.97","931.00","938.01","929.40","1.32B","0.47%"
"08/17/2021","929.61","926.16","931.35","922.09","1.42B","0.78%"
"08/16/2021","922.42","917.83","924.25","910.33","1.29B","0.53%"
"08/13/2021","917.54","915.21","922.92","913.74","1.30B","0.03%"
"08/11/2021","917.24","927.17","928.68","916.48","1.34B","-0.55%"
"08/10/2021","922.27","923.79","928.22","920.08","1.23B","0.08%"
"08/09/2021","921.51","912.95","924.09","910.17","1.04B","1.43%"
"08/06/2021","908.50","912.84","918.52","903.57","1.23B","-0.33%"
"08/05/2021","911.53","924.15","926.13","911.00","1.16B","-1.52%"
"08/04/2021","925.63","922.65","928.18","916.80","880.91M","0.35%"
"08/03/2021","922.36","914.46","922.36","913.27","1.22B","0.89%"
"08/02/2021","914.26","912.78","914.33","905.46","1.21B","0.40%"
"07/30/2021","910.61","917.78","919.49","908.20","1.99B","-0.95%"
"07/29/2021","919.34","920.52","923.04","914.37","1.36B","0.18%"
"07/27/2021","917.72","924.08","927.02","912.62","1.18B","-0.60%"
"07/23/2021","923.24","927.16","928.97","920.15","1.42B","-0.65%"
"07/22/2021","929.30","928.54","930.73","924.98","1.43B","0.76%"
"07/21/2021","922.25","922.18","924.22","915.92","1.53B","0.20%"
"07/20/2021","920.40","926.92","927.86","915.68","1.55B","-1.08%"
"07/19/2021","930.44","932.69","935.63","927.19","1.07B","-1.26%"
"07/16/2021","942.35","939.33","943.71","937.45","1.40B","-0.02%"
"07/15/2021","942.55","944.05","948.17","940.61","1.21B","0.20%"
"07/14/2021","940.68","943.50","945.17","936.74","1.12B","-0.38%"
"07/13/2021","944.31","937.27","945.92","935.54","1.19B","1.29%"
"07/12/2021","932.24","937.99","939.96","928.96","1.27B","-0.21%"
"07/09/2021","934.18","927.60","938.34","925.80","2.08B","0.48%"
"07/08/2021","929.76","940.33","942.61","927.15","2.95B","-1.95%"
"07/07/2021","948.23","951.50","954.39","945.96","1.66B","-0.89%"
"07/06/2021","956.78","955.26","960.00","954.40","927.20M","0.68%"
"07/05/2021","950.33","950.72","951.93","945.73","930.66M","0.11%"
"07/02/2021","949.27","954.76","958.89","945.86","1.21B","-0.85%"
"07/01/2021","957.36","955.95","960.45","951.61","1.23B","0.38%"
"06/30/2021","953.72","960.77","963.16","950.64","1.69B","-0.38%"
"06/29/2021","957.39","951.36","961.14","950.50","1.40B","0.75%"
"06/28/2021","950.26","949.09","953.05","943.86","1.34B","-0.47%"
"06/25/2021","954.78","959.99","962.24","951.46","1.13B","-0.14%"
"06/24/2021","956.14","955.45","957.11","946.69","1.52B","-0.30%"
"06/23/2021","959.00","966.20","967.21","957.89","1.34B","-0.31%"
"06/22/2021","961.99","968.74","970.42","961.52","1.04B","-0.10%"
"06/21/2021","962.99","961.21","964.32","956.76","1.23B","-0.84%"
"06/18/2021","971.19","974.78","976.97","965.61","1.92B","-0.28%"
"06/17/2021","973.93","976.33","982.99","972.72","1.22B","-0.63%"
"06/16/2021","980.13","979.55","985.12","976.41","1.45B","0.08%"
"06/15/2021","979.39","988.20","989.50","976.81","1.39B","-0.91%"
"06/14/2021","988.38","993.95","995.06","984.94","1.21B","-0.24%"
"06/11/2021","990.78","985.97","990.79","983.89","1.36B","0.94%"
"06/10/2021","981.60","985.82","989.23","980.02","1.59B","-0.05%"
"06/09/2021","982.05","976.13","983.58","975.98","1.21B","0.92%"
"06/08/2021","973.13","973.86","977.28","967.19","1.52B","0.02%"
"06/07/2021","972.97","976.48","981.93","971.75","1.39B","0.07%"
"06/04/2021","972.32","974.25","980.59","972.19","1.39B","-0.61%"
"06/02/2021","978.28","984.63","986.37","975.07","1.48B","-0.30%"
"06/01/2021","981.19","968.66","982.49","964.72","1.81B","1.93%"
"05/31/2021","962.58","956.03","963.49","952.25","1.05B","0.67%"
"05/28/2021","956.19","962.07","965.22","954.83","1.38B","-0.10%"
"05/27/2021","957.10","948.71","961.21","946.73","2.74B","0.95%"
"05/25/2021","948.06","942.82","949.91","940.30","1.19B","1.42%"
"05/24/2021","934.83","938.47","941.96","933.25","1.22B","-0.29%"
"05/21/2021","937.53","941.28","941.77","931.84","1.06B","-0.08%"
"05/20/2021","938.31","945.18","947.36","937.83","1.34B","-0.55%"
"05/19/2021","943.47","943.94","949.25","941.38","1.17B","-0.57%"
"05/18/2021","948.87","946.09","951.89","944.88","1.20B","1.05%"
"05/17/2021","938.99","934.61","942.97","927.06","1.31B","0.03%"
"05/14/2021","938.68","941.96","944.15","928.10","1.43B","0.04%"
"05/13/2021","938.33","940.79","944.41","912.03","2.42B","-1.49%"
"05/12/2021","952.55","955.02","956.92","942.52","1.50B","-0.46%"
"05/11/2021","956.97","952.20","962.01","948.27","1.61B","-0.26%"
"05/10/2021","959.45","965.46","965.58","950.64","925.61M","0.38%"
"05/07/2021","955.80","953.17","958.56","949.03","1.05B","1.08%"
"05/06/2021","945.55","932.35","949.14","930.77","1.33B","1.71%"
"05/05/2021","929.63","953.45","954.62","928.03","1.95B","-2.76%"
"04/30/2021","955.97","964.17","965.24","955.45","1.07B","-0.89%"
"04/29/2021","964.55","959.61","966.44","958.73","1.53B","1.08%"
"04/28/2021","954.24","946.51","955.32","944.21","1.42B","1.16%"
"04/27/2021","943.34","945.76","949.44","938.95","1.65B","-0.06%"
"04/26/2021","943.92","941.86","946.06","935.96","1.42B","0.14%"
"04/23/2021","942.63","949.54","949.78","940.29","1.56B","-1.04%"
"04/22/2021","952.58","964.88","966.02","949.77","1.62B","-0.97%"
"04/21/2021","961.89","959.98","965.65","958.89","1.30B","-0.21%"
"04/20/2021","963.94","958.88","965.01","956.46","1.63B","0.38%"
"04/19/2021","960.33","949.65","961.54","947.00","1.30B","1.46%"
"04/16/2021","946.50","945.53","947.07","937.10","1.75B","0.58%"
"04/12/2021","941.08","952.53","953.00","938.94","1.27B","-1.55%"
"04/09/2021","955.90","952.33","960.11","951.97","1.17B","0.62%"
"04/08/2021","950.04","948.51","954.24","947.40","1.14B","-0.02%"
"04/07/2021","950.22","956.32","960.28","949.45","1.99B","-1.50%"
"04/05/2021","964.71","977.68","979.38","961.79","1.19B","-1.17%"
"04/02/2021","976.13","980.78","983.18","975.17","1.12B","0.05%"
"04/01/2021","975.66","975.60","980.06","971.42","1.40B","0.46%"
"03/31/2021","971.24","974.15","975.28","969.28","1.16B","-0.15%"
"03/30/2021","972.70","971.49","976.17","968.91","2.53B","0.52%"
"03/29/2021","967.69","968.29","975.11","966.74","1.32B","0.42%"
"03/26/2021","963.66","965.70","968.87","958.75","1.45B","0.20%"
"03/25/2021","961.75","964.35","967.50","960.03","2.00B","0.02%"
"03/24/2021","961.59","952.63","961.59","950.90","1.48B","0.40%"
"03/23/2021","957.73","962.92","964.34","955.59","1.62B","-0.18%"
"03/22/2021","959.48","958.28","963.97","952.19","1.04B","0.01%"
"03/19/2021","959.41","960.62","963.37","954.70","1.57B","-0.70%"
"03/18/2021","966.15","976.51","979.53","965.74","1.52B","-0.13%"
"03/17/2021","967.45","963.35","970.93","960.50","1.61B","0.23%"
"03/16/2021","965.26","970.23","973.38","963.97","1.33B","-0.32%"
"03/15/2021","968.34","975.43","977.83","965.77","1.21B","-0.50%"
"03/12/2021","973.16","981.83","985.45","969.49","2.10B","-0.57%"
"03/11/2021","978.70","982.46","984.62","973.57","2.48B","0.30%"
"03/10/2021","975.73","962.16","976.66","959.33","2.59B","1.50%"
"03/09/2021","961.27","964.96","966.67","951.81","2.13B","0.32%"
"03/08/2021","958.16","968.90","971.51","955.09","2.74B","-0.02%"
"03/05/2021","958.33","950.12","966.77","949.13","2.42B","0.49%"
"03/04/2021","953.61","957.15","959.90","950.12","2.33B","-1.11%"
"03/03/2021","964.34","938.15","964.34","937.97","2.94B","3.32%"
"03/02/2021","933.35","934.58","938.21","931.35","1.44B","0.04%"
"03/01/2021","932.94","928.25","936.97","924.02","1.39B","0.32%"
"02/25/2021","929.95","939.83","941.27","927.97","2.43B","0.35%"
"02/24/2021","926.74","935.71","938.57","922.77","1.54B","-0.71%"
"02/23/2021","933.34","924.03","938.33","922.76","1.60B","1.86%"
"02/22/2021","916.29","933.25","934.10","915.41","1.60B","-1.53%"
"02/19/2021","930.51","933.13","935.38","925.33","1.78B","-0.81%"
"02/18/2021","938.08","945.24","949.22","938.05","1.29B","-0.43%"
"02/17/2021","942.16","946.31","953.75","941.67","1.67B","-0.83%"
"02/16/2021","950.00","952.71","954.94","949.37","1.14B","0.01%"
"02/15/2021","949.89","946.55","955.42","943.04","1.09B","0.77%"
"02/11/2021","942.63","953.27","953.96","939.09","1.04B","-0.81%"
"02/10/2021","950.28","955.13","957.03","946.65","1.57B","0.09%"
"02/09/2021","949.46","954.11","958.20","948.22","2.15B","0.13%"
"02/08/2021","948.24","942.44","949.10","940.46","3.00B","1.57%"
"02/05/2021","933.55","929.03","934.84","927.29","1.80B","1.09%"
"02/04/2021","923.52","927.13","931.10","919.96","1.80B","-0.05%"
"02/03/2021","923.94","937.39","938.54","923.94","2.12B","-0.45%"
"02/02/2021","928.07","933.33","937.20","924.15","1.42B","0.56%"
"02/01/2021","922.89","914.83","926.75","908.04","1.74B","0.68%"
"01/29/2021","916.66","923.79","925.38","908.82","2.14B","-0.03%"
"01/28/2021","916.91","925.61","932.62","916.46","1.92B","-2.12%"
"01/27/2021","936.76","948.39","951.58","936.76","1.23B","-1.50%"
"01/26/2021","951.02","937.58","952.25","932.19","1.59B","0.96%"
"01/25/2021","942.00","939.47","944.67","933.29","1.53B","0.24%"
"01/22/2021","939.73","947.04","954.35","936.03","1.98B","-1.25%"
"01/21/2021","951.58","960.09","962.79","948.47","2.53B","-0.13%"
"01/20/2021","952.86","958.86","962.86","949.18","1.89B","-0.55%"
"01/19/2021","958.16","956.20","964.13","955.68","1.40B","0.90%"
"01/18/2021","949.64","951.27","954.98","943.94","1.39B","-0.86%"
"01/15/2021","957.86","971.49","977.38","954.30","1.74B","-1.39%"
"01/14/2021","971.35","978.11","984.91","969.64","1.71B","-0.96%"
"01/13/2021","980.75","981.68","992.03","976.81","2.32B","0.54%"
"01/12/2021","975.51","973.75","978.64","967.01","1.52B","0.06%"
"01/11/2021","974.91","978.89","988.32","968.69","1.98B","-0.27%"
"01/08/2021","977.59","965.70","977.59","964.91","3.00B","2.32%"
"01/07/2021","955.39","952.69","959.29","946.05","4.56B","1.59%"
"01/06/2021","940.41","951.94","957.42","935.88","3.41B","-1.42%"
"01/05/2021","953.99","923.20","953.99","921.51","2.93B","3.21%"
"01/04/2021","924.36","896.70","924.36","893.62","2.76B","1.53%"
"12/30/2020","910.45","927.67","929.05","907.73","3.08B","-1.47%"
"12/29/2020","924.00","910.61","924.16","907.95","2.17B","2.03%"
"12/28/2020","905.64","925.42","925.75","905.13","2.81B","-1.38%"
"12/25/2020","918.35","915.07","920.89","911.17","3.32B","0.92%"
"12/24/2020","910.01","896.75","913.11","890.63","3.78B","1.80%"
"12/23/2020","893.90","903.99","916.35","893.87","4.01B","-1.34%"
"12/22/2020","906.00","893.89","910.49","881.64","3.70B","1.57%"
"12/21/2020","892.00","912.02","926.20","891.88","4.92B","-5.84%"
"12/18/2020","947.28","949.32","953.60","940.86","3.29B","-0.18%"
"12/17/2020","948.99","954.01","959.85","948.47","14.38B","-0.20%"
"12/16/2020","950.90","955.90","956.95","944.69","7.24B","0.17%"
"12/15/2020","949.28","941.09","950.06","934.63","2.83B","0.15%"
"12/14/2020","947.82","962.45","965.84","945.14","4.00B","-1.11%"
"12/09/2020","958.49","962.47","968.93","951.88","4.15B","0.29%"
"12/08/2020","955.75","937.80","960.32","932.41","4.88B","1.66%"
"12/04/2020","940.17","931.47","944.35","931.00","3.65B","0.97%"
"12/03/2020","931.10","922.17","933.02","918.67","3.03B","1.48%"
"12/02/2020","917.49","914.80","926.81","913.81","2.92B","-0.23%"
"12/01/2020","919.58","915.65","926.91","915.07","3.28B","1.21%"
"11/30/2020","908.61","924.36","929.03","908.39","6.85B","-2.63%"
"11/27/2020","933.14","930.56","938.34","927.77","2.29B","-0.05%"
"11/26/2020","933.60","928.48","934.17","923.73","2.03B","0.99%"
"11/25/2020","924.42","924.77","933.87","904.71","3.33B","1.27%"
"11/24/2020","912.85","934.92","937.36","912.03","3.65B","-1.59%"
"11/23/2020","927.63","910.11","929.43","908.38","3.76B","2.56%"
"11/20/2020","904.47","888.78","905.30","886.94","3.00B","1.66%"
"11/19/2020","889.70","886.73","895.15","885.50","2.13B","0.13%"
"11/18/2020","888.51","872.85","888.51","868.84","1.94B","1.35%"
"11/17/2020","876.66","882.56","889.17","872.64","3.02B","-0.18%"
"11/16/2020","878.24","886.17","889.98","878.00","2.77B","0.32%"
"11/13/2020","875.40","862.37","880.98","859.95","3.78B","0.82%"
"11/12/2020","868.27","873.24","873.75","860.82","2.40B","-1.12%"
"11/11/2020","878.09","885.25","888.28","867.01","3.35B","0.28%"
"11/10/2020","875.64","861.56","879.64","846.56","5.33B","6.91%"
"11/09/2020","819.07","814.64","826.86","811.64","2.25B","2.63%"
"11/06/2020","798.05","800.01","805.38","790.93","2.22B","-0.19%"
"11/05/2020","799.58","774.29","801.95","772.36","2.31B","4.51%"
"11/04/2020","765.09","766.71","772.75","759.88","1.26B","-0.12%"
"11/03/2020","766.00","756.79","767.28","756.29","1.26B","2.01%"
"11/02/2020","750.87","747.17","751.63","743.57","967.53M","0.62%"
"10/30/2020","746.26","753.06","753.25","739.95","1.45B","-0.65%"
"10/29/2020","751.14","750.49","755.49","746.81","1.19B","-0.65%"
"10/28/2020","756.02","756.84","764.39","754.70","1.34B","-0.36%"
"10/27/2020","758.72","751.57","761.47","748.23","1.03B","0.11%"
"10/26/2020","757.85","761.79","762.80","755.42","774.73M","-0.63%"
"10/22/2020","762.68","762.96","771.22","755.75","1.26B","-0.32%"
"10/21/2020","765.10","765.40","769.14","760.64","1.12B","0.58%"
"10/20/2020","760.71","757.61","767.63","753.63","1.19B","-0.03%"
"10/19/2020","760.94","768.22","769.28","757.33","1.35B","-2.00%"
"10/16/2020","776.50","783.74","785.44","771.77","1.01B","-0.71%"
"10/15/2020","782.02","787.60","790.65","779.99","1.20B","-1.61%"
"10/14/2020","794.81","800.31","801.91","790.40","1.08B","-1.22%"
"10/12/2020","804.59","801.79","808.69","797.87","954.35M","0.47%"
"10/09/2020","800.79","808.18","809.17","797.89","983.31M","-0.52%"
"10/08/2020","804.96","801.81","810.61","799.45","1.35B","0.94%"
"10/07/2020","797.43","785.08","798.08","782.21","1.36B","1.25%"
"10/06/2020","787.62","788.32","792.25","785.10","1.37B","0.74%"
"10/05/2020","781.81","783.52","785.56","778.07","862.93M","0.58%"
"10/02/2020","777.31","785.07","785.75","772.78","1.37B","-1.36%"
"10/01/2020","788.02","786.49","791.02","777.61","995.65M","0.89%"
"09/30/2020","781.06","797.46","798.54","780.61","986.58M","-1.93%"
"09/29/2020","796.43","804.40","805.19","793.61","911.71M","-0.70%"
"09/28/2020","802.03","790.56","803.25","790.45","1.05B","2.04%"
"09/25/2020","786.03","789.81","794.22","783.53","1.08B","-0.15%"
"09/24/2020","787.21","795.26","798.13","784.04","1.31B","-1.88%"
"09/23/2020","802.30","811.27","812.14","801.80","964.41M","-0.81%"
"09/22/2020","808.83","812.66","815.25","805.49","954.37M","-0.86%"
"09/21/2020","815.81","830.08","831.47","814.24","790.08M","-1.33%"
"09/18/2020","826.83","827.91","831.07","821.19","1.14B","0.14%"
"09/17/2020","825.66","828.74","831.22","822.17","792.19M","-0.87%"
"09/16/2020","832.88","827.59","834.79","825.18","958.01M","0.66%"
"09/15/2020","827.38","822.26","828.44","819.13","752.93M","1.09%"
"09/14/2020","818.43","827.99","829.15","817.09","738.93M","-0.63%"
"09/11/2020","823.64","829.00","833.53","822.50","718.55M","-0.80%"
"09/10/2020","830.25","832.31","835.20","826.35","805.33M","-0.16%"
"09/09/2020","831.54","821.94","833.16","819.85","1.06B","-0.16%"
"09/08/2020","832.91","840.41","840.65","831.47","929.27M","-1.38%"
"09/03/2020","844.60","850.08","851.65","841.60","970.71M","-0.35%"
"09/02/2020","847.56","840.34","848.12","837.36","997.13M","0.70%"
"09/01/2020","841.66","846.41","849.17","838.14","1.06B","-0.30%"
"08/31/2020","844.22","859.55","863.28","843.49","1.63B","-1.29%"
"08/28/2020","855.29","865.30","867.45","852.87","1.43B","-0.39%"
"08/27/2020","858.66","856.10","863.14","854.51","1.20B","0.24%"
"08/26/2020","856.64","854.87","858.38","848.73","1.11B","0.32%"
"08/25/2020","853.89","859.14","861.85","853.29","1.22B","0.19%"
"08/24/2020","852.29","844.78","853.83","839.50","1.19B","1.45%"
"08/21/2020","840.07","847.14","848.96","838.21","852.52M","-0.02%"
"08/20/2020","840.28","841.66","847.32","838.10","1.23B","-1.21%"
"08/19/2020","850.57","868.69","869.55","846.43","1.59B","-1.99%"
"08/18/2020","867.86","861.06","867.95","860.63","1.12B","0.77%"
"08/17/2020","861.25","866.29","867.93","856.66","1.33B","-0.28%"
"08/14/2020","863.69","877.43","879.38","861.87","1.34B","-1.71%"
"08/13/2020","878.70","876.64","880.89","874.82","1.89B","1.38%"
"08/11/2020","866.77","863.19","870.99","861.13","1.66B","1.50%"
"08/10/2020","853.92","858.65","860.91","853.82","664.57M","-0.35%"
"08/07/2020","856.88","862.48","863.57","854.28","809.77M","-0.83%"
"08/06/2020","864.05","863.65","872.54","863.35","1.13B","-0.17%"
"08/05/2020","865.49","863.28","868.94","856.96","1.28B","0.60%"
"08/04/2020","860.32","859.93","865.54","857.74","1.11B","0.90%"
"08/03/2020","852.67","858.84","859.45","847.64","1.06B","-1.19%"
"07/31/2020","862.98","852.92","863.07","844.39","1.52B","1.04%"
"07/30/2020","854.12","875.48","876.71","851.90","1.36B","-1.98%"
"07/29/2020","871.41","878.20","881.21","870.06","1.26B","-0.47%"
"07/24/2020","875.50","881.01","882.71","872.38","1.19B","-1.71%"
"07/23/2020","890.70","888.74","894.24","882.61","1.56B","0.14%"
"07/22/2020","889.48","906.34","907.58","889.21","1.29B","-1.63%"
"07/21/2020","904.21","896.86","906.57","895.92","1.59B","1.59%"
"07/20/2020","890.04","890.77","896.79","885.54","1.04B","-0.23%"
"07/17/2020","892.09","886.46","893.42","883.58","745.20M","1.01%"
"07/16/2020","883.16","888.20","890.87","879.63","940.82M","-0.65%"
"07/15/2020","888.98","887.11","891.97","882.13","1.30B","1.12%"
"07/14/2020","879.13","871.20","880.64","866.57","1.29B","0.05%"
"07/13/2020","878.65","894.04","895.19","876.30","1.42B","-0.80%"
"07/10/2020","885.71","892.86","896.94","882.13","1.00B","-1.58%"
"07/09/2020","899.93","901.78","904.85","894.33","1.64B","0.16%"
"07/08/2020","898.45","906.18","912.19","897.52","1.27B","-1.04%"
"07/07/2020","907.90","920.05","922.66","907.90","1.62B","-0.06%"
"07/03/2020","908.49","914.01","915.50","907.29","1.13B","-0.41%"
"07/02/2020","912.22","898.28","914.19","895.86","1.72B","2.23%"
"07/01/2020","892.30","889.71","892.96","878.59","1.18B","0.81%"
"06/30/2020","885.15","889.87","895.10","885.15","1.51B","0.74%"
"06/29/2020","878.64","871.03","878.76","865.37","1.32B","0.00%"
"06/26/2020","878.61","881.97","888.22","876.06","1.11B","0.42%"
"06/25/2020","874.96","870.02","875.85","861.47","1.82B","-0.60%"
"06/24/2020","880.20","901.13","903.56","879.90","1.59B","-1.91%"
"06/23/2020","897.32","899.23","901.29","892.77","1.35B","0.38%"
"06/22/2020","893.92","899.01","905.79","890.73","1.82B","-1.51%"
"06/19/2020","907.67","912.93","915.59","905.09","1.56B","-0.33%"
"06/18/2020","910.63","900.29","914.53","899.26","1.76B","-0.42%"
"06/17/2020","914.49","905.22","918.64","901.82","1.96B","0.55%"
"06/16/2020","909.52","915.72","916.97","905.63","1.67B","2.20%"
"06/15/2020","889.98","912.11","916.98","886.27","2.46B","-3.32%"
"06/12/2020","920.52","905.89","924.28","902.47","2.34B","-1.27%"
"06/11/2020","932.34","945.65","951.60","923.35","2.28B","-1.86%"
"06/10/2020","950.03","948.31","954.26","937.47","2.23B","0.89%"
"06/09/2020","941.69","964.03","971.75","936.25","3.00B","-2.43%"
"06/08/2020","965.12","975.69","979.98","959.34","3.17B","-0.03%"
"06/05/2020","965.37","949.46","968.33","939.26","3.49B","1.97%"
"06/04/2020","946.71","936.95","949.26","933.68","3.95B","3.01%"
"06/02/2020","919.05","908.03","919.05","904.53","2.44B","1.95%"
"06/01/2020","901.45","905.10","909.52","898.81","1.95B","0.61%"
"05/29/2020","896.01","886.46","896.10","879.17","3.78B","0.81%"
"05/28/2020","888.84","903.39","904.63","888.84","2.55B","-0.70%"
"05/27/2020","895.13","889.60","895.66","882.17","2.98B","0.74%"
"05/26/2020","888.53","889.03","896.78","885.98","2.37B","1.19%"
"05/25/2020","878.06","870.15","880.52","865.73","1.96B","1.18%"
"05/22/2020","867.81","872.31","873.76","855.96","2.14B","-1.61%"
"05/21/2020","881.97","889.20","891.36","877.10","2.50B","-0.13%"
"05/20/2020","883.08","876.12","883.08","872.55","2.65B","0.87%"
"05/19/2020","875.44","876.86","882.78","872.28","2.53B","1.92%"
"05/18/2020","858.94","862.10","866.75","857.05","1.77B","0.51%"
"05/15/2020","854.57","860.48","862.07","853.52","1.26B","-0.18%"
"05/14/2020","856.11","860.67","863.81","852.78","1.30B","-1.30%"
"05/13/2020","867.36","870.05","874.65","864.38","1.90B","-0.60%"
"05/12/2020","872.60","862.68","875.14","860.78","1.75B","0.96%"
"05/11/2020","864.32","857.08","869.80","856.32","1.80B","1.89%"
"05/08/2020","848.27","848.77","852.58","840.92","1.23B","0.68%"
"05/07/2020","842.56","852.75","855.67","838.04","1.68B","-1.64%"
"05/05/2020","856.57","862.83","864.96","855.72","1.48B","-1.94%"
"04/30/2020","873.56","870.04","873.56","865.34","2.19B","1.86%"
"04/29/2020","857.63","860.22","863.25","853.80","1.18B","0.39%"
"04/28/2020","854.34","848.62","861.27","843.27","1.65B","0.70%"
"04/27/2020","848.40","851.34","852.74","841.74","1.05B","0.76%"
"04/24/2020","842.03","855.05","858.73","839.61","1.57B","-1.41%"
"04/23/2020","854.09","851.45","859.57","845.89","1.72B","0.62%"
"04/22/2020","848.81","836.19","850.03","825.29","1.95B","0.73%"
"04/21/2020","842.65","839.55","850.30","835.93","1.75B","-1.50%"
"04/20/2020","855.45","835.76","862.09","831.68","1.83B","2.63%"
"04/17/2020","833.49","825.35","834.33","816.02","1.59B","3.98%"
"04/16/2020","801.61","820.44","824.95","801.61","1.89B","-3.23%"
"04/15/2020","828.38","841.46","847.45","827.05","1.96B","-2.00%"
"04/14/2020","845.32","844.94","854.07","834.11","2.51B","1.46%"
"04/13/2020","833.16","828.97","833.98","821.75","1.67B","0.50%"
"04/10/2020","829.00","812.42","829.13","811.16","1.96B","1.53%"
"04/09/2020","816.47","825.30","842.10","809.88","2.68B","0.17%"
"04/08/2020","815.05","814.38","823.28","805.74","2.61B","-1.26%"
"04/07/2020","825.42","804.69","830.44","793.47","3.11B","7.66%"
"04/03/2020","766.67","777.96","782.72","760.30","3.79B","-0.15%"
"04/02/2020","767.79","747.35","772.59","741.04","4.07B","3.69%"
"04/01/2020","740.46","749.55","761.18","740.29","2.01B","-2.17%"
"03/31/2020","756.91","747.15","758.79","741.68","2.13B","3.70%"
"03/30/2020","729.91","730.57","736.34","719.39","1.31B","-1.37%"
"03/27/2020","740.05","753.99","761.24","732.02","2.28B","0.33%"
"03/26/2020","737.58","724.06","746.55","721.66","2.24B","1.24%"
"03/25/2020","728.53","715.20","745.13","704.52","2.43B","5.41%"
"03/24/2020","691.15","712.99","715.76","681.94","2.31B","1.63%"
"03/23/2020","680.07","693.19","711.63","679.35","2.16B","-10.06%"
"03/20/2020","756.11","718.02","761.08","710.41","3.24B","9.27%"
"03/19/2020","691.99","670.64","697.29","665.27","2.30B","-0.17%"
"03/18/2020","693.14","697.38","715.32","675.79","2.14B","1.46%"
"03/17/2020","683.16","690.68","710.79","683.16","2.36B","-0.92%"
"03/16/2020","689.47","707.26","732.79","687.01","2.49B","-7.95%"
"03/13/2020","749.01","653.63","777.49","628.97","4.28B","3.07%"
"03/12/2020","726.73","769.29","772.45","712.65","3.33B","-11.70%"
"03/11/2020","822.99","836.90","848.23","812.00","1.92B","-1.97%"
"03/10/2020","839.52","833.45","852.25","830.31","2.21B","1.41%"
"03/09/2020","827.85","839.28","864.17","823.11","3.05B","-9.45%"
"03/06/2020","914.22","921.45","922.41","910.15","1.43B","-2.22%"
"03/05/2020","934.94","937.25","948.74","934.94","1.55B","0.72%"
"03/04/2020","928.25","917.65","931.33","915.15","1.38B","0.00%"
"03/03/2020","928.25","915.55","933.11","910.00","1.99B","3.37%"
"03/02/2020","897.96","911.75","915.20","884.05","1.84B","0.01%"
"02/28/2020","897.84","903.70","911.85","894.31","2.21B","-4.36%"
"02/27/2020","938.77","922.16","942.12","909.98","2.00B","2.32%"
"02/26/2020","917.49","958.07","961.12","917.49","2.66B","-5.21%"
"02/25/2020","967.92","964.38","974.46","952.09","2.07B","0.59%"
"02/24/2020","962.25","987.78","988.80","962.25","1.82B","-4.11%"
"02/21/2020","1,003.51","990.51","1,003.66","989.65","1.47B","0.35%"
"02/20/2020","999.99","1,010.72","1,011.09","994.55","1.62B","-1.13%"
"02/19/2020","1,011.38","1,018.00","1,022.72","1,008.34","1.38B","-0.37%"
"02/18/2020","1,015.09","1,019.47","1,020.52","1,012.54","1.02B","-0.98%"
"02/17/2020","1,025.18","1,023.69","1,028.12","1,021.04","978.28M","0.31%"
"02/14/2020","1,022.02","1,030.08","1,031.78","1,019.94","1.15B","-0.45%"
"02/13/2020","1,026.68","1,032.93","1,034.95","1,025.10","940.93M","-0.71%"
"02/12/2020","1,034.01","1,027.66","1,036.91","1,025.87","1.18B","1.18%"
"02/11/2020","1,021.95","1,033.20","1,034.14","1,021.19","1.17B","-0.87%"
"02/07/2020","1,030.90","1,032.15","1,034.30","1,024.64","1.25B","-0.11%"
"02/06/2020","1,032.07","1,035.92","1,038.72","1,028.72","1.59B","-0.08%"
"02/05/2020","1,032.89","1,024.78","1,034.35","1,020.48","1.46B","0.88%"
"02/04/2020","1,023.89","1,009.86","1,024.88","1,007.70","1.44B","1.80%"
"02/03/2020","1,005.79","1,013.10","1,018.89","1,005.59","1.08B","-1.21%"
"01/31/2020","1,018.08","1,028.78","1,031.37","1,018.03","1.27B","-0.65%"
"01/30/2020","1,024.76","1,019.45","1,026.74","1,018.41","1.08B","-0.18%"
"01/29/2020","1,026.58","1,024.56","1,029.63","1,015.42","1.41B","0.95%"
"01/28/2020","1,016.90","1,020.87","1,032.90","1,011.96","1.55B","-0.74%"
"01/27/2020","1,024.53","1,041.33","1,042.98","1,019.61","1.96B","-3.33%"
"01/24/2020","1,059.82","1,064.02","1,064.79","1,057.64","1.13B","-0.28%"
"01/23/2020","1,062.84","1,060.05","1,066.01","1,056.94","1.40B","-0.05%"
"01/22/2020","1,063.33","1,066.02","1,066.97","1,056.99","1.83B","0.10%"
"01/21/2020","1,062.26","1,066.66","1,070.09","1,060.49","1.76B","-0.89%"
"01/20/2020","1,071.80","1,077.28","1,078.48","1,069.72","1.46B","-0.87%"
"01/17/2020","1,081.22","1,081.83","1,084.23","1,078.16","1.36B","0.22%"
"01/16/2020","1,078.87","1,068.58","1,080.94","1,067.44","1.34B","1.05%"
"01/15/2020","1,067.66","1,069.78","1,073.38","1,063.70","1.27B","-0.59%"
"01/14/2020","1,074.04","1,076.57","1,078.39","1,067.77","1.28B","-0.02%"
"01/13/2020","1,074.25","1,075.44","1,077.54","1,068.69","1.14B","0.30%"
"01/10/2020","1,071.03","1,073.46","1,074.07","1,065.68","1.23B","-0.01%"
"01/09/2020","1,071.15","1,066.38","1,073.19","1,061.88","1.78B","1.32%"
"01/08/2020","1,057.19","1,063.94","1,066.77","1,054.24","1.97B","-1.66%"
"01/07/2020","1,075.07","1,071.20","1,075.20","1,062.78","1.58B","1.06%"
"01/06/2020","1,063.83","1,072.49","1,074.50","1,061.17","2.03B","-1.45%"
"01/03/2020","1,079.50","1,081.12","1,086.71","1,077.32","1.48B","-0.14%"
"01/02/2020","1,081.00","1,072.36","1,083.41","1,071.16","1.75B","1.17%"
"12/30/2019","1,068.50","1,071.21","1,072.95","1,066.34","778.80M","-0.02%"
"12/27/2019","1,068.72","1,074.67","1,077.51","1,059.21","1.03B","-0.19%"
"12/26/2019","1,070.74","1,068.57","1,071.84","1,066.53","752.04M","0.26%"
"12/25/2019","1,067.99","1,062.79","1,069.60","1,061.32","591.91M","0.26%"
"12/24/2019","1,065.23","1,070.38","1,071.83","1,063.74","1.27B","-0.40%"
"12/23/2019","1,069.53","1,069.11","1,075.29","1,067.13","1.42B","0.18%"
"12/20/2019","1,067.62","1,067.24","1,070.42","1,061.71","1.75B","-0.07%"
"12/19/2019","1,068.39","1,057.78","1,071.73","1,052.51","2.77B","0.54%"
"12/18/2019","1,062.62","1,055.62","1,064.39","1,054.99","1.38B","1.22%"
"12/17/2019","1,049.84","1,049.57","1,054.45","1,043.16","1.43B","0.17%"
"12/16/2019","1,048.08","1,065.46","1,066.21","1,048.08","969.06M","-1.74%"
"12/13/2019","1,066.63","1,069.18","1,072.76","1,062.63","1.62B","0.83%"
"12/12/2019","1,057.87","1,054.20","1,062.31","1,051.95","1.59B","0.86%"
"12/11/2019","1,048.85","1,049.20","1,052.84","1,043.54","1.56B","0.17%"
"12/09/2019","1,047.02","1,049.48","1,049.56","1,041.28","1.29B","-0.17%"
"12/06/2019","1,048.76","1,057.54","1,061.04","1,047.89","1.15B","-0.44%"
"12/04/2019","1,053.40","1,049.74","1,056.88","1,045.39","1.65B","-0.08%"
"12/03/2019","1,054.28","1,049.45","1,058.44","1,048.25","1.35B","-0.06%"
"12/02/2019","1,054.88","1,068.96","1,069.60","1,051.89","1.14B","-1.43%"
"11/29/2019","1,070.23","1,073.66","1,073.93","1,062.23","1.59B","-0.66%"
"11/28/2019","1,077.30","1,083.92","1,085.02","1,074.97","1.62B","-0.63%"
"11/27/2019","1,084.13","1,085.52","1,087.82","1,081.31","2.02B","0.04%"
"11/26/2019","1,083.70","1,092.29","1,094.05","1,082.99","3.02B","-0.55%"
"11/25/2019","1,089.67","1,081.87","1,089.67","1,079.97","1.73B","1.13%"
"11/22/2019","1,077.51","1,075.47","1,079.03","1,071.86","1.36B","0.41%"
"11/21/2019","1,073.10","1,074.03","1,075.35","1,066.41","1.78B","-0.25%"
"11/20/2019","1,075.77","1,077.33","1,080.51","1,074.20","1.63B","-0.78%"
"11/19/2019","1,084.27","1,083.42","1,086.89","1,078.58","1.36B","-0.14%"
"11/18/2019","1,085.81","1,084.34","1,088.15","1,077.73","1.28B","0.37%"
"11/15/2019","1,081.78","1,088.21","1,089.77","1,076.17","1.68B","-0.34%"
"11/14/2019","1,085.44","1,089.47","1,092.62","1,081.89","1.04B","-0.27%"
"11/13/2019","1,088.37","1,091.90","1,097.07","1,084.58","916.22M","-0.67%"
"11/12/2019","1,095.68","1,095.28","1,101.81","1,092.64","992.15M","0.27%"
"11/11/2019","1,092.69","1,098.91","1,100.60","1,089.82","1.53B","-0.98%"
"11/08/2019","1,103.55","1,105.85","1,107.13","1,100.39","1.36B","-0.24%"
"11/07/2019","1,106.15","1,092.68","1,106.64","1,089.14","1.43B","1.16%"
"11/06/2019","1,093.50","1,096.32","1,099.82","1,091.50","1.42B","-0.30%"
"11/05/2019","1,096.79","1,097.78","1,098.66","1,089.13","1.30B","0.39%"
"11/04/2019","1,092.58","1,076.72","1,095.29","1,075.76","1.22B","2.23%"
"11/01/2019","1,068.71","1,072.65","1,075.43","1,065.93","979.38M","-0.42%"
"10/31/2019","1,073.26","1,079.82","1,081.76","1,072.74","1.38B","-0.25%"
"10/30/2019","1,075.91","1,069.02","1,075.91","1,064.61","1.45B","0.88%"
"10/29/2019","1,066.48","1,074.50","1,077.29","1,064.36","1.18B","-0.39%"
"10/28/2019","1,070.68","1,066.17","1,073.49","1,057.94","1.20B","0.41%"
"10/25/2019","1,066.34","1,083.17","1,085.02","1,065.08","1.61B","-1.58%"
"10/24/2019","1,083.43","1,093.33","1,094.66","1,080.29","1.54B","-0.54%"
"10/22/2019","1,089.35","1,084.66","1,090.19","1,084.06","1.04B","0.74%"
"10/21/2019","1,081.38","1,088.23","1,089.41","1,079.80","1.32B","-0.73%"
"10/18/2019","1,089.28","1,091.65","1,094.74","1,083.01","1.81B","-0.13%"
"10/17/2019","1,090.67","1,095.38","1,096.38","1,087.74","1.70B","-0.06%"
"10/16/2019","1,091.29","1,087.84","1,093.41","1,086.72","1.59B","0.54%"
"10/15/2019","1,085.38","1,087.31","1,089.67","1,080.62","963.07M","0.15%"
"10/11/2019","1,083.77","1,073.15","1,085.12","1,072.81","1.19B","1.52%"
"10/10/2019","1,067.54","1,073.96","1,075.22","1,067.46","879.36M","-0.84%"
"10/09/2019","1,076.56","1,071.29","1,078.10","1,066.68","869.37M","0.43%"
"10/08/2019","1,071.95","1,079.41","1,081.86","1,070.10","796.42M","-0.19%"
"10/07/2019","1,074.00","1,072.78","1,076.66","1,069.14","858.64M","0.59%"
"10/04/2019","1,067.75","1,072.57","1,074.11","1,065.65","840.77M","-0.27%"
"10/03/2019","1,070.62","1,066.55","1,074.10","1,065.55","773.22M","-0.15%"
"10/02/2019","1,072.27","1,075.27","1,076.60","1,068.03","836.63M","-0.72%"
"10/01/2019","1,080.07","1,090.54","1,091.90","1,079.20","716.77M","-0.94%"
"09/30/2019","1,090.31","1,093.95","1,096.00","1,086.86","896.47M","-0.40%"
"09/27/2019","1,094.73","1,088.01","1,099.45","1,083.30","1.09B","0.57%"
"09/26/2019","1,088.50","1,086.04","1,089.88","1,083.09","1.30B","0.64%"
"09/25/2019","1,081.53","1,079.40","1,084.22","1,077.05","1.33B","-0.28%"
"09/24/2019","1,084.56","1,079.08","1,087.73","1,078.29","1.59B","0.55%"
"09/23/2019","1,078.65","1,088.04","1,088.74","1,077.05","1.11B","-0.95%"
"09/20/2019","1,089.04","1,090.31","1,093.41","1,080.92","1.66B","-0.12%"
"09/19/2019","1,090.34","1,102.35","1,106.01","1,087.93","1.52B","-0.93%"
"09/18/2019","1,100.54","1,107.30","1,108.43","1,097.22","1.33B","-0.66%"
"09/17/2019","1,107.82","1,104.87","1,113.26","1,103.19","1.57B","0.16%"
"09/16/2019","1,106.03","1,107.85","1,109.68","1,101.18","1.19B","0.21%"
"09/13/2019","1,103.67","1,106.12","1,107.85","1,098.89","1.21B","-0.02%"
"09/12/2019","1,103.91","1,118.36","1,118.99","1,102.25","1.60B","-1.03%"
"09/11/2019","1,115.39","1,110.44","1,115.91","1,104.78","1.82B","0.72%"
"09/10/2019","1,107.41","1,114.05","1,115.85","1,104.27","1.33B","-0.28%"
"09/09/2019","1,110.57","1,111.17","1,114.24","1,106.01","1.21B","0.12%"
"09/06/2019","1,109.20","1,114.82","1,116.11","1,106.88","1.02B","0.03%"
"09/05/2019","1,108.91","1,109.50","1,112.00","1,103.70","1.28B","0.82%"
"09/04/2019","1,099.93","1,092.64","1,104.83","1,089.86","1.33B","1.30%"
"09/03/2019","1,085.80","1,097.42","1,099.63","1,085.80","1.15B","-0.84%"
"09/02/2019","1,095.04","1,092.95","1,099.18","1,088.88","1.15B","-0.13%"
"08/30/2019","1,096.47","1,089.45","1,096.47","1,085.56","1.38B","1.21%"
"08/29/2019","1,083.32","1,069.89","1,083.57","1,068.52","1.46B","1.60%"
"08/28/2019","1,066.21","1,068.05","1,071.99","1,064.53","1.06B","0.09%"
"08/27/2019","1,065.29","1,072.86","1,077.08","1,062.02","1.84B","-0.60%"
"08/26/2019","1,071.74","1,069.03","1,073.10","1,060.50","1.52B","-1.56%"
"08/23/2019","1,088.69","1,081.42","1,088.90","1,079.87","1.19B","1.00%"
"08/22/2019","1,077.88","1,071.78","1,080.68","1,070.94","1.45B","-0.24%"
"08/21/2019","1,080.46","1,072.95","1,084.69","1,068.52","1.05B","0.96%"
"08/20/2019","1,070.23","1,083.71","1,084.26","1,067.35","1.23B","-0.88%"
"08/19/2019","1,079.75","1,081.66","1,084.91","1,076.71","1.39B","0.36%"
"08/16/2019","1,075.84","1,059.72","1,077.62","1,056.89","1.40B","1.85%"
"08/15/2019","1,056.32","1,055.51","1,065.21","1,046.62","2.14B","-0.90%"
"08/14/2019","1,065.92","1,076.52","1,081.74","1,059.91","1.52B","0.03%"
"08/13/2019","1,065.58","1,081.21","1,082.92","1,064.44","1.54B","-1.98%"
"08/09/2019","1,087.14","1,101.82","1,104.56","1,086.32","1.33B","-0.83%"
"08/08/2019","1,096.27","1,101.40","1,103.29","1,092.76","1.19B","-0.41%"
"08/07/2019","1,100.80","1,103.29","1,110.41","1,098.14","1.90B","-0.14%"
"08/06/2019","1,102.31","1,089.84","1,105.45","1,086.45","1.59B","0.35%"
"08/05/2019","1,098.46","1,105.37","1,111.18","1,097.85","1.01B","-1.32%"
"08/02/2019","1,113.17","1,110.65","1,115.31","1,103.58","1.66B","-1.01%"
"08/01/2019","1,124.54","1,126.28","1,128.70","1,120.73","951.75M","-0.56%"
"07/31/2019","1,130.92","1,124.85","1,134.54","1,123.89","932.50M","0.40%"
"07/30/2019","1,126.43","1,132.37","1,135.14","1,124.38","1.05B","-0.44%"
"07/26/2019","1,131.41","1,139.82","1,140.47","1,129.02","1.06B","-0.88%"
"07/25/2019","1,141.45","1,139.65","1,143.38","1,137.59","1.07B","0.28%"
"07/24/2019","1,138.31","1,141.43","1,143.30","1,134.60","930.09M","-0.11%"
"07/23/2019","1,139.56","1,143.01","1,144.44","1,135.51","1.47B","-0.10%"
"07/22/2019","1,140.67","1,145.21","1,147.59","1,137.71","1.48B","-0.63%"
"07/19/2019","1,147.90","1,149.21","1,150.79","1,145.27","1.31B","0.66%"
"07/18/2019","1,140.37","1,135.95","1,142.74","1,135.51","1.04B","0.14%"
"07/17/2019","1,138.76","1,140.72","1,144.84","1,137.97","1.26B","-0.34%"
"07/15/2019","1,142.60","1,144.34","1,149.35","1,140.69","1.19B","-0.04%"
"07/12/2019","1,143.08","1,153.51","1,154.76","1,140.54","1.80B","-0.62%"
"07/11/2019","1,150.20","1,155.86","1,157.57","1,148.28","1.87B","-0.08%"
"07/10/2019","1,151.09","1,140.75","1,153.02","1,138.06","1.74B","1.27%"
"07/09/2019","1,136.68","1,142.44","1,146.49","1,136.56","1.38B","-0.78%"
"07/08/2019","1,145.56","1,144.61","1,148.53","1,140.27","1.08B","-0.24%"
"07/05/2019","1,148.28","1,144.47","1,149.17","1,140.05","1.13B","0.37%"
"07/04/2019","1,144.08","1,156.88","1,161.21","1,137.41","1.89B","-0.93%"
"07/03/2019","1,154.77","1,153.27","1,158.18","1,149.73","1.24B","0.19%"
"07/02/2019","1,152.63","1,157.02","1,160.16","1,150.52","1.22B","-0.62%"
"07/01/2019","1,159.79","1,162.32","1,164.72","1,158.28","1.38B","0.78%"
"06/28/2019","1,150.85","1,152.10","1,155.09","1,149.82","1.31B","-0.13%"
"06/27/2019","1,152.36","1,148.90","1,155.69","1,147.71","1.18B","0.63%"
"06/26/2019","1,145.17","1,141.80","1,146.91","1,139.77","1.25B","-0.05%"
"06/25/2019","1,145.73","1,141.48","1,149.38","1,135.08","1.57B","0.33%"
"06/24/2019","1,141.98","1,146.84","1,148.18","1,139.73","1.14B","-0.04%"
"06/21/2019","1,142.46","1,147.97","1,152.44","1,140.21","2.11B","-0.19%"
"06/20/2019","1,144.64","1,139.15","1,148.56","1,135.93","1.84B","0.83%"
"06/19/2019","1,135.23","1,125.76","1,140.20","1,123.18","2.28B","1.59%"
"06/18/2019","1,117.49","1,103.10","1,117.74","1,101.70","1.40B","1.25%"
"06/17/2019","1,103.64","1,108.37","1,112.02","1,103.20","1.90B","-0.34%"
"06/14/2019","1,107.36","1,108.14","1,110.51","1,103.08","1.32B","-0.17%"
"06/13/2019","1,109.23","1,106.55","1,111.42","1,101.08","1.33B","0.09%"
"06/12/2019","1,108.20","1,107.08","1,109.40","1,103.78","1.16B","-0.03%"
"06/11/2019","1,108.53","1,104.75","1,112.21","1,101.76","1.20B","0.47%"
"06/10/2019","1,103.29","1,101.87","1,105.70","1,101.00","932.33M","0.71%"
"06/07/2019","1,095.52","1,099.81","1,100.88","1,093.35","642.84M","-0.15%"
"06/06/2019","1,097.14","1,095.07","1,099.20","1,090.42","950.28M","0.15%"
"06/05/2019","1,095.47","1,095.81","1,098.76","1,091.34","1.27B","0.68%"
"06/04/2019","1,088.03","1,078.64","1,090.70","1,076.83","1.35B","1.22%"
"05/31/2019","1,074.87","1,075.79","1,081.32","1,068.07","1.04B","-0.18%"
"05/30/2019","1,076.85","1,074.92","1,082.52","1,074.34","762.65M","0.18%"
"05/29/2019","1,074.89","1,084.46","1,085.27","1,073.94","993.65M","-0.89%"
"05/28/2019","1,084.58","1,081.99","1,085.97","1,074.68","4.22B","0.52%"
"05/27/2019","1,078.98","1,075.76","1,082.64","1,070.97","1.00B","0.64%"
"05/24/2019","1,072.13","1,065.77","1,075.63","1,061.58","1.18B","0.15%"
"05/23/2019","1,070.49","1,079.21","1,082.57","1,069.03","1.01B","-1.16%"
"05/22/2019","1,083.04","1,076.35","1,084.22","1,076.22","963.76M","1.07%"
"05/21/2019","1,071.60","1,069.54","1,076.75","1,065.17","1.15B","0.29%"
"05/17/2019","1,068.45","1,076.63","1,079.39","1,067.11","961.26M","-0.45%"
"05/16/2019","1,073.25","1,080.09","1,082.52","1,067.37","1.30B","-0.50%"
"05/15/2019","1,078.60","1,088.71","1,091.29","1,078.60","1.14B","-0.74%"
"05/14/2019","1,086.59","1,084.42","1,090.67","1,083.06","1.46B","-0.34%"
"05/13/2019","1,090.33","1,095.02","1,097.70","1,085.68","1.12B","-0.46%"
"05/10/2019","1,095.38","1,099.23","1,100.90","1,088.38","1.00B","0.22%"
"05/09/2019","1,092.97","1,098.06","1,103.02","1,092.17","1.01B","-0.52%"
"05/08/2019","1,098.65","1,103.34","1,104.89","1,096.63","1.55B","-0.92%"
"05/07/2019","1,108.83","1,109.09","1,113.37","1,105.92","1.18B","-0.66%"
"05/03/2019","1,116.18","1,113.68","1,118.65","1,113.14","892.94M","-0.01%"
"05/02/2019","1,116.30","1,115.35","1,119.20","1,114.16","845.38M","0.35%"
"04/30/2019","1,112.39","1,107.22","1,114.83","1,106.88","935.99M","0.52%"
"04/29/2019","1,106.62","1,106.03","1,108.96","1,103.42","1.05B","-0.11%"
"04/26/2019","1,107.88","1,112.74","1,113.63","1,104.35","853.18M","-0.45%"
"04/25/2019","1,112.93","1,113.17","1,116.96","1,110.86","630.77M","-0.07%"
"04/24/2019","1,113.76","1,114.28","1,116.50","1,109.29","925.83M","0.22%"
"04/23/2019","1,111.33","1,113.99","1,117.15","1,110.61","872.31M","-0.15%"
"04/22/2019","1,113.03","1,115.90","1,121.14","1,113.03","985.84M","-0.01%"
"04/19/2019","1,113.14","1,113.56","1,117.38","1,110.82","727.34M","-0.08%"
"04/18/2019","1,114.04","1,113.60","1,116.32","1,108.10","1.09B","0.14%"
"04/17/2019","1,112.52","1,108.99","1,116.23","1,107.05","1.08B","0.64%"
"04/12/2019","1,105.42","1,104.12","1,107.26","1,100.85","929.84M","-0.01%"
"04/11/2019","1,105.48","1,107.78","1,108.78","1,103.44","1.20B","-0.30%"
"04/10/2019","1,108.81","1,106.61","1,111.38","1,105.40","1.14B","0.31%"
"04/09/2019","1,105.37","1,099.88","1,107.62","1,097.82","859.00M","0.84%"
"04/05/2019","1,096.13","1,095.86","1,099.59","1,093.14","694.00M","0.13%"
"04/04/2019","1,094.76","1,098.39","1,099.27","1,090.64","787.68M","-0.34%"
"04/03/2019","1,098.51","1,101.29","1,102.19","1,095.17","1.06B","-0.16%"
"04/02/2019","1,100.22","1,099.87","1,103.24","1,096.85","824.96M","0.47%"
"04/01/2019","1,095.08","1,095.81","1,100.65","1,094.29","1.07B","0.38%"
"03/29/2019","1,090.94","1,092.50","1,095.49","1,087.75","731.05M","0.24%"
"03/28/2019","1,088.36","1,082.11","1,091.44","1,081.27","899.80M","0.27%"
"03/27/2019","1,085.46","1,087.86","1,089.86","1,080.41","739.85M","-0.28%"
"03/26/2019","1,088.47","1,083.40","1,090.34","1,080.50","882.93M","0.50%"
"03/25/2019","1,083.05","1,087.35","1,091.73","1,076.70","1.01B","-1.44%"
"03/22/2019","1,098.85","1,089.77","1,099.31","1,087.54","1.02B","1.05%"
"03/21/2019","1,087.41","1,085.73","1,092.41","1,085.30","954.44M","0.50%"
"03/20/2019","1,081.97","1,085.18","1,088.68","1,081.30","844.33M","-0.21%"
"03/19/2019","1,084.30","1,074.91","1,086.93","1,074.15","721.88M","0.90%"
"03/18/2019","1,074.63","1,082.45","1,083.96","1,070.63","920.41M","-0.50%"
"03/15/2019","1,080.01","1,087.68","1,089.48","1,079.72","1.00B","-0.65%"
"03/14/2019","1,087.12","1,091.11","1,092.14","1,085.83","856.37M","-0.18%"
"03/13/2019","1,089.10","1,078.20","1,089.10","1,075.67","1.03B","0.89%"
"03/12/2019","1,079.46","1,082.75","1,084.82","1,077.43","1.26B","0.01%"
"03/11/2019","1,079.36","1,084.82","1,087.29","1,077.99","591.35M","-0.25%"
"03/08/2019","1,082.08","1,083.28","1,087.94","1,078.39","749.21M","-0.23%"
"03/07/2019","1,084.58","1,078.38","1,087.60","1,077.19","841.04M","0.55%"
"03/06/2019","1,078.65","1,086.95","1,089.21","1,076.99","1.04B","-0.98%"
"03/05/2019","1,089.38","1,086.09","1,092.10","1,082.70","912.21M","0.20%"
"03/04/2019","1,087.22","1,091.54","1,094.28","1,085.21","1.08B","-0.42%"
"03/01/2019","1,091.76","1,100.90","1,102.15","1,090.77","1.58B","-0.69%"
"02/28/2019","1,099.30","1,110.42","1,110.87","1,099.21","1.23B","-0.95%"
"02/27/2019","1,109.88","1,108.48","1,112.52","1,105.61","1.54B","0.13%"
"02/26/2019","1,108.46","1,109.60","1,114.26","1,106.71","1.01B","-0.56%"
"02/25/2019","1,114.72","1,110.52","1,117.58","1,110.20","1.26B","0.80%"
"02/22/2019","1,105.88","1,094.71","1,108.23","1,094.28","944.83M","0.83%"
"02/21/2019","1,096.79","1,096.44","1,100.63","1,092.50","833.57M","0.08%"
"02/20/2019","1,095.88","1,091.06","1,097.31","1,087.61","1.05B","0.63%"
"02/18/2019","1,088.97","1,095.20","1,097.16","1,088.34","698.35M","-0.04%"
"02/15/2019","1,089.39","1,098.70","1,099.89","1,086.88","1.25B","-1.00%"
"02/14/2019","1,100.41","1,104.54","1,105.64","1,098.24","1.26B","-0.24%"
"02/13/2019","1,103.01","1,098.67","1,104.44","1,095.46","964.37M","0.90%"
"02/12/2019","1,093.16","1,091.11","1,096.89","1,089.33","726.71M","0.12%"
"02/11/2019","1,091.82","1,095.63","1,098.66","1,088.21","873.65M","-0.88%"
"02/08/2019","1,101.55","1,098.67","1,106.75","1,091.30","1.57B","-0.07%"
"02/07/2019","1,102.30","1,106.68","1,112.13","1,099.56","976.98M","-0.31%"
"02/06/2019","1,105.74","1,103.64","1,109.68","1,101.59","846.40M","0.28%"
"02/05/2019","1,102.66","1,101.53","1,103.98","1,096.90","683.93M","0.01%"
"02/04/2019","1,102.57","1,104.63","1,107.39","1,101.29","639.23M","0.03%"
"02/01/2019","1,102.22","1,098.26","1,106.06","1,095.78","960.43M","0.52%"
"01/31/2019","1,096.50","1,096.80","1,102.66","1,095.96","1.32B","0.50%"
"01/30/2019","1,091.05","1,088.06","1,091.52","1,083.07","1.06B","0.44%"
"01/29/2019","1,086.30","1,084.56","1,086.61","1,079.53","1.30B","-0.01%"
"01/28/2019","1,086.46","1,088.97","1,093.38","1,083.69","1.14B","0.03%"
"01/25/2019","1,086.11","1,087.29","1,090.33","1,080.71","1.42B","0.20%"
"01/24/2019","1,083.97","1,083.45","1,090.12","1,079.47","1.33B","0.13%"
"01/23/2019","1,082.61","1,073.14","1,086.22","1,071.94","1.58B","0.83%"
"01/22/2019","1,073.73","1,063.51","1,073.73","1,061.95","1.15B","0.86%"
"01/21/2019","1,064.57","1,062.75","1,069.92","1,061.78","1.03B","0.34%"
"01/18/2019","1,060.95","1,061.31","1,063.91","1,055.68","1.04B","0.29%"
"01/17/2019","1,057.92","1,056.48","1,062.89","1,055.21","1.23B","0.19%"
"01/16/2019","1,055.89","1,057.36","1,060.81","1,046.53","1.61B","0.18%"
"01/15/2019","1,054.01","1,061.84","1,064.69","1,051.25","887.58M","-0.40%"
"01/14/2019","1,058.27","1,065.25","1,066.63","1,055.72","1.08B","-1.04%"
"01/11/2019","1,069.42","1,065.76","1,069.69","1,061.51","1.19B","0.59%"
"01/10/2019","1,063.19","1,064.02","1,071.57","1,055.49","1.18B","-0.15%"
"01/09/2019","1,064.82","1,075.28","1,079.45","1,061.87","1.14B","-0.22%"
"01/08/2019","1,067.20","1,067.45","1,070.39","1,062.44","797.26M","0.02%"
"01/07/2019","1,066.99","1,061.63","1,071.14","1,059.24","1.11B","1.20%"
"01/04/2019","1,054.29","1,041.26","1,055.23","1,034.66","1.19B","1.23%"
"01/03/2019","1,041.49","1,051.31","1,055.91","1,038.39","915.78M","-0.50%"
"01/02/2019","1,046.71","1,048.13","1,054.00","1,044.96","790.07M","0.17%"
"12/28/2018","1,044.92","1,035.67","1,045.73","1,034.58","854.13M","1.07%"
"12/27/2018","1,033.81","1,061.32","1,063.67","1,031.45","1.22B","-0.66%"
"12/26/2018","1,040.71","1,040.17","1,044.26","1,034.62","819.01M","0.06%"
"12/25/2018","1,040.06","1,052.17","1,052.51","1,038.19","771.75M","-2.27%"
"12/24/2018","1,064.26","1,061.48","1,071.49","1,060.55","664.08M","-0.26%"
"12/21/2018","1,067.01","1,061.00","1,072.02","1,058.47","1.26B","0.07%"
"12/20/2018","1,066.22","1,063.33","1,067.24","1,056.07","850.40M","-0.21%"
"12/19/2018","1,068.47","1,055.13","1,069.24","1,050.87","1.05B","1.20%"
"12/18/2018","1,055.76","1,063.25","1,064.58","1,053.34","788.22M","-1.19%"
"12/17/2018","1,068.52","1,074.95","1,077.35","1,062.04","880.63M","-0.29%"
"12/14/2018","1,071.65","1,072.81","1,078.90","1,065.89","813.06M","-0.24%"
"12/13/2018","1,074.20","1,092.27","1,094.89","1,072.54","1.04B","-1.38%"
"12/12/2018","1,089.20","1,094.40","1,096.38","1,087.31","748.84M","0.22%"
"12/11/2018","1,086.83","1,097.24","1,098.18","1,086.31","981.03M","-1.16%"
"12/07/2018","1,099.57","1,105.85","1,107.91","1,098.01","735.01M","-0.39%"
"12/06/2018","1,103.85","1,102.95","1,107.87","1,100.21","843.46M","-1.32%"
"12/04/2018","1,118.59","1,119.10","1,122.34","1,114.91","1.13B","0.07%"
"12/03/2018","1,117.86","1,108.31","1,120.70","1,106.31","1.32B","2.41%"
"11/30/2018","1,091.55","1,091.47","1,097.81","1,085.36","1.01B","0.34%"
"11/29/2018","1,087.85","1,095.18","1,098.90","1,086.38","724.47M","-0.25%"
"11/28/2018","1,090.57","1,088.35","1,094.17","1,087.37","742.58M","0.37%"
"11/27/2018","1,086.51","1,083.63","1,088.92","1,081.36","681.67M","0.17%"
"11/26/2018","1,084.72","1,077.64","1,086.33","1,073.48","694.91M","0.63%"
"11/23/2018","1,077.93","1,067.38","1,079.60","1,061.59","766.39M","1.17%"
"11/22/2018","1,065.48","1,073.45","1,077.65","1,064.38","867.67M","-0.83%"
"11/21/2018","1,074.39","1,065.46","1,079.50","1,062.21","959.73M","0.24%"
"11/20/2018","1,071.83","1,083.81","1,084.09","1,069.75","780.92M","-1.41%"
"11/19/2018","1,087.15","1,084.17","1,089.91","1,081.45","550.04M","0.24%"
"11/16/2018","1,084.54","1,087.21","1,092.80","1,082.60","750.40M","-0.16%"
"11/15/2018","1,086.32","1,097.56","1,098.60","1,085.00","792.69M","-0.71%"
"11/14/2018","1,094.08","1,094.56","1,099.70","1,088.56","807.17M","-0.50%"
"11/13/2018","1,099.57","1,088.27","1,104.03","1,086.66","936.11M","0.44%"
"11/12/2018","1,094.78","1,106.38","1,106.97","1,094.46","545.14M","-0.72%"
"11/09/2018","1,102.77","1,107.29","1,108.91","1,099.34","572.01M","-0.88%"
"11/08/2018","1,112.57","1,115.88","1,118.18","1,111.69","961.50M","0.40%"
"11/07/2018","1,108.12","1,105.46","1,108.12","1,091.91","983.29M","0.57%"
"11/06/2018","1,101.89","1,107.50","1,113.19","1,101.79","859.27M","-0.02%"
"11/05/2018","1,102.09","1,099.96","1,103.50","1,097.92","785.46M","-0.69%"
"11/02/2018","1,109.70","1,104.61","1,114.36","1,101.74","1.22B","0.92%"
"11/01/2018","1,099.63","1,104.04","1,105.41","1,093.79","1.18B","-0.26%"
"10/31/2018","1,102.49","1,087.42","1,102.65","1,085.63","994.00M","2.26%"
"10/30/2018","1,078.15","1,078.67","1,084.03","1,074.89","626.01M","0.07%"
"10/29/2018","1,077.41","1,073.71","1,084.31","1,072.17","724.38M","0.67%"
"10/26/2018","1,070.25","1,078.00","1,079.59","1,067.50","778.50M","-1.22%"
"10/25/2018","1,083.50","1,055.03","1,085.99","1,048.41","1.63B","1.53%"
"10/24/2018","1,067.15","1,079.90","1,085.50","1,064.51","1.31B","-2.38%"
"10/22/2018","1,093.15","1,098.45","1,102.09","1,088.66","768.60M","-0.28%"
"10/19/2018","1,096.19","1,104.06","1,105.52","1,094.13","1.11B","-0.88%"
"10/18/2018","1,105.93","1,111.43","1,113.87","1,104.14","945.69M","-0.72%"
"10/17/2018","1,113.98","1,123.35","1,125.15","1,113.98","1.41B","-0.11%"
"10/16/2018","1,115.21","1,114.96","1,118.47","1,108.29","723.83M","0.05%"
"10/12/2018","1,114.62","1,111.56","1,117.60","1,109.04","791.29M","0.81%"
"10/11/2018","1,105.61","1,103.11","1,110.43","1,099.01","1.72B","-2.57%"
"10/10/2018","1,134.73","1,125.64","1,134.73","1,124.23","920.43M","1.63%"
"10/09/2018","1,116.48","1,117.32","1,124.44","1,110.95","1.08B","0.13%"
"10/08/2018","1,115.02","1,130.70","1,137.01","1,115.02","1.41B","-1.42%"
"10/05/2018","1,131.13","1,135.22","1,140.11","1,129.85","885.42M","-0.61%"
"10/04/2018","1,138.05","1,143.00","1,146.75","1,132.09","1.55B","-0.85%"
"10/03/2018","1,147.75","1,154.87","1,157.21","1,147.27","1.34B","-0.28%"
"10/02/2018","1,150.93","1,158.74","1,162.26","1,149.16","1.20B","-0.89%"
"10/01/2018","1,161.24","1,163.05","1,164.92","1,159.23","1.05B","0.21%"
"09/28/2018","1,158.75","1,161.48","1,162.14","1,154.35","1.05B","0.02%"
"09/27/2018","1,158.54","1,157.19","1,158.54","1,142.80","1.70B","0.25%"
"09/26/2018","1,155.61","1,159.06","1,161.30","1,152.50","1.15B","-0.05%"
"09/25/2018","1,156.18","1,158.00","1,160.37","1,152.87","865.90M","0.14%"
"09/24/2018","1,154.60","1,154.66","1,162.04","1,153.73","1.10B","-0.43%"
"09/21/2018","1,159.54","1,162.05","1,166.78","1,156.80","1.83B","0.19%"
"09/20/2018","1,157.31","1,161.64","1,166.12","1,155.87","1.64B","0.17%"
"09/19/2018","1,155.35","1,155.11","1,165.88","1,153.00","4.01B","0.33%"
"09/18/2018","1,151.59","1,131.03","1,155.43","1,129.98","2.09B","1.74%"
"09/17/2018","1,131.92","1,132.31","1,137.40","1,126.31","1.01B","-0.36%"
"09/14/2018","1,135.98","1,138.42","1,141.17","1,132.12","1.28B","0.22%"
"09/13/2018","1,133.44","1,111.61","1,138.13","1,111.42","1.72B","2.85%"
"09/12/2018","1,102.07","1,095.82","1,103.71","1,090.92","1.11B","0.50%"
"09/11/2018","1,096.63","1,112.48","1,115.91","1,096.63","1.06B","-1.51%"
"09/10/2018","1,113.47","1,110.12","1,114.39","1,105.08","772.47M","0.09%"
"09/07/2018","1,112.49","1,111.20","1,117.26","1,108.16","957.79M","-0.37%"
"09/06/2018","1,116.61","1,110.48","1,116.75","1,104.03","1.91B","0.48%"
"09/05/2018","1,111.30","1,126.34","1,129.10","1,110.87","1.51B","-1.76%"
"09/04/2018","1,131.26","1,138.28","1,140.22","1,130.75","1.05B","-0.56%"
"09/03/2018","1,137.68","1,138.38","1,142.34","1,136.10","906.97M","-0.10%"
"08/31/2018","1,138.80","1,132.84","1,139.54","1,131.43","1.17B","0.06%"
"08/30/2018","1,138.12","1,144.90","1,147.31","1,138.12","1.05B","-0.37%"
"08/29/2018","1,142.30","1,141.67","1,143.11","1,136.38","895.46M","0.26%"
"08/28/2018","1,139.30","1,143.11","1,146.83","1,137.79","1.22B","0.13%"
"08/27/2018","1,137.79","1,132.83","1,138.57","1,131.75","1.34B","0.87%"
"08/24/2018","1,128.03","1,126.29","1,129.19","1,122.84","760.74M","-0.15%"
"08/23/2018","1,129.73","1,131.13","1,134.03","1,126.53","951.85M","0.48%"
"08/22/2018","1,124.34","1,122.40","1,131.04","1,121.55","1.05B","0.33%"
"08/21/2018","1,120.66","1,127.36","1,131.78","1,116.15","1.37B","-0.44%"
"08/20/2018","1,125.61","1,123.56","1,129.69","1,120.44","2.33B","0.82%"
"08/17/2018","1,116.46","1,116.23","1,121.17","1,115.30","1.38B","0.50%"
"08/16/2018","1,110.87","1,106.00","1,112.28","1,098.99","1.51B","0.28%"
"08/15/2018","1,107.78","1,116.03","1,117.64","1,105.80","1.76B","-1.30%"
"08/14/2018","1,122.32","1,119.14","1,123.48","1,113.42","1.37B","-0.56%"
"08/10/2018","1,128.62","1,137.70","1,138.71","1,128.09","1.18B","-1.14%"
"08/09/2018","1,141.63","1,142.39","1,147.45","1,137.46","956.06M","-0.01%"
"08/08/2018","1,141.69","1,132.27","1,143.99","1,130.82","1.43B","0.92%"
"08/07/2018","1,131.25","1,126.42","1,134.54","1,119.29","1.12B","0.74%"
"08/06/2018","1,122.94","1,138.23","1,140.76","1,121.11","1.44B","-0.96%"
"08/03/2018","1,133.78","1,131.77","1,137.32","1,129.92","994.02M","0.12%"
"08/02/2018","1,132.47","1,138.35","1,140.17","1,125.52","1.19B","-0.96%"
"08/01/2018","1,143.46","1,129.93","1,144.14","1,127.60","1.61B","1.41%"
"07/31/2018","1,127.56","1,127.71","1,132.39","1,121.62","1.67B","0.12%"
"07/26/2018","1,126.25","1,126.22","1,127.83","1,116.47","1.56B","0.76%"
"07/25/2018","1,117.74","1,108.65","1,122.56","1,108.46","1.93B","1.07%"
"07/24/2018","1,105.93","1,114.04","1,116.02","1,101.40","2.11B","-0.14%"
"07/23/2018","1,107.43","1,103.46","1,112.38","1,098.25","2.03B","0.37%"
"07/20/2018","1,103.32","1,088.29","1,106.20","1,085.53","2.72B","1.70%"
"07/19/2018","1,084.85","1,081.07","1,087.98","1,077.24","1.19B","0.71%"
"07/18/2018","1,077.22","1,073.82","1,078.83","1,071.59","1.35B","0.85%"
"07/17/2018","1,068.09","1,066.12","1,072.15","1,060.52","1.31B","-0.09%"
"07/16/2018","1,069.04","1,075.03","1,077.25","1,065.12","959.21M","-1.02%"
"07/13/2018","1,080.05","1,082.95","1,085.97","1,077.31","1.18B","0.02%"
"07/12/2018","1,079.87","1,076.52","1,085.26","1,075.62","1.21B","0.10%"
"07/11/2018","1,078.82","1,075.83","1,083.06","1,073.24","1.01B","-0.60%"
"07/10/2018","1,085.36","1,074.74","1,085.52","1,064.19","1.50B","1.45%"
"07/09/2018","1,069.83","1,072.62","1,075.12","1,068.05","1.38B","0.58%"
"07/06/2018","1,063.71","1,052.82","1,067.59","1,043.87","2.65B","0.84%"
"07/05/2018","1,054.84","1,071.10","1,072.89","1,051.51","2.68B","-1.71%"
"07/04/2018","1,073.20","1,068.75","1,076.41","1,062.92","2.21B","0.32%"
"07/03/2018","1,069.77","1,056.91","1,071.32","1,052.26","1.40B","1.10%"
"07/02/2018","1,058.12","1,053.26","1,058.16","1,043.67","1.26B","0.62%"
"06/29/2018","1,051.63","1,054.99","1,059.81","1,043.32","1.90B","0.10%"
"06/28/2018","1,050.60","1,064.31","1,066.65","1,050.50","1.83B","-0.94%"
"06/27/2018","1,060.58","1,071.28","1,076.15","1,057.06","1.24B","-0.43%"
"06/26/2018","1,065.20","1,057.10","1,069.64","1,052.04","1.29B","0.33%"
"06/25/2018","1,061.68","1,076.07","1,080.45","1,060.45","1.07B","-0.89%"
"06/22/2018","1,071.18","1,075.98","1,081.65","1,065.54","1.28B","0.23%"
"06/21/2018","1,068.68","1,090.03","1,091.31","1,064.13","1.53B","-2.01%"
"06/20/2018","1,090.62","1,078.94","1,093.20","1,072.62","1.53B","1.74%"
"06/19/2018","1,071.96","1,090.34","1,096.99","1,067.58","2.32B","-2.57%"
"06/18/2018","1,100.25","1,108.53","1,110.29","1,100.15","1.17B","-1.57%"
"06/15/2018","1,117.85","1,118.75","1,123.31","1,109.92","1.51B","-0.34%"
"06/14/2018","1,121.70","1,125.19","1,126.28","1,113.93","1.31B","-0.61%"
"06/13/2018","1,128.55","1,134.21","1,136.24","1,126.58","1.16B","-0.58%"
"06/12/2018","1,135.11","1,133.80","1,142.11","1,132.71","1.23B","0.29%"
"06/11/2018","1,131.83","1,132.23","1,135.66","1,125.64","786.53M","0.08%"
"06/08/2018","1,130.91","1,143.70","1,143.87","1,130.76","1.05B","-0.89%"
"06/07/2018","1,141.12","1,149.52","1,152.40","1,141.12","1.25B","-0.42%"
"06/06/2018","1,145.95","1,145.24","1,150.87","1,140.96","1.52B","0.40%"
"06/05/2018","1,141.39","1,132.72","1,143.14","1,124.83","2.15B","0.85%"
"06/04/2018","1,131.82","1,128.60","1,135.22","1,126.03","1.13B","0.19%"
"06/01/2018","1,129.66","1,134.55","1,137.54","1,125.68","1.28B","-0.45%"
"05/31/2018","1,134.76","1,137.35","1,142.40","1,131.22","2.45B","0.15%"
"05/30/2018","1,133.06","1,126.45","1,134.81","1,122.97","1.85B","-0.67%"
"05/28/2018","1,140.74","1,142.83","1,144.45","1,137.24","1.33B","-0.59%"
"05/25/2018","1,147.49","1,142.62","1,147.50","1,134.68","1.40B","0.66%"
"05/24/2018","1,139.91","1,150.83","1,154.32","1,138.04","1.58B","-1.41%"
"05/23/2018","1,156.18","1,160.03","1,162.95","1,152.06","1.48B","-0.76%"
"05/22/2018","1,165.04","1,171.52","1,173.15","1,160.46","1.32B","-0.51%"
"05/21/2018","1,171.03","1,166.79","1,173.65","1,164.67","1.28B","0.84%"
"05/18/2018","1,161.26","1,159.14","1,164.06","1,154.24","1.63B","0.21%"
"05/17/2018","1,158.80","1,158.06","1,164.17","1,153.25","2.08B","0.19%"
"05/16/2018","1,156.63","1,161.43","1,164.55","1,154.17","1.63B","-1.02%"
"05/15/2018","1,168.56","1,172.79","1,174.17","1,162.58","1.63B","-0.34%"
"05/14/2018","1,172.57","1,171.31","1,174.60","1,168.78","1.45B","0.36%"
"05/11/2018","1,168.31","1,155.09","1,168.31","1,151.94","1.36B","1.28%"
"05/10/2018","1,153.50","1,163.51","1,164.44","1,151.19","1.34B","-0.49%"
"05/09/2018","1,159.19","1,162.18","1,164.17","1,154.82","1.77B","-0.20%"
"05/08/2018","1,161.46","1,177.05","1,178.09","1,157.97","1.83B","-1.28%"
"05/07/2018","1,176.49","1,180.38","1,183.88","1,172.78","1.32B","0.07%"
"05/04/2018","1,175.71","1,182.33","1,185.94","1,174.11","1.66B","-0.75%"
"05/03/2018","1,184.62","1,182.77","1,191.14","1,182.25","1.33B","-0.14%"
"05/02/2018","1,186.26","1,174.72","1,186.26","1,170.47","1.28B","0.79%"
"04/30/2018","1,177.02","1,179.90","1,181.22","1,174.86","988.43M","-0.05%"
"04/27/2018","1,177.59","1,175.37","1,177.59","1,167.44","1.29B","0.49%"
"04/26/2018","1,171.85","1,176.92","1,181.37","1,168.90","1.12B","-0.40%"
"04/25/2018","1,176.61","1,177.38","1,182.74","1,170.91","1.55B","-0.57%"
"04/24/2018","1,183.41","1,190.19","1,196.94","1,180.11","1.59B","-0.16%"
"04/23/2018","1,185.35","1,194.25","1,198.11","1,184.94","1.14B","-0.80%"
"04/20/2018","1,194.87","1,190.12","1,198.48","1,183.67","1.90B","0.52%"
"04/19/2018","1,188.65","1,174.94","1,188.87","1,173.69","1.66B","1.58%"
"04/18/2018","1,170.16","1,161.69","1,170.33","1,160.65","1.34B","1.11%"
"04/17/2018","1,157.32","1,166.08","1,167.83","1,155.26","1.10B","-0.78%"
"04/12/2018","1,166.38","1,165.43","1,169.78","1,159.85","874.48M","0.20%"
"04/11/2018","1,164.07","1,166.69","1,170.40","1,159.51","1.13B","-0.05%"
"04/10/2018","1,164.71","1,163.28","1,166.33","1,153.66","1.28B","0.49%"
"04/09/2018","1,159.00","1,146.71","1,160.26","1,144.88","1.30B","1.03%"
"04/05/2018","1,147.21","1,144.85","1,149.65","1,136.17","1.38B","0.92%"
"04/04/2018","1,136.72","1,166.24","1,170.25","1,136.63","2.84B","-2.44%"
"04/03/2018","1,165.17","1,168.17","1,174.10","1,163.11","1.64B","-0.86%"
"04/02/2018","1,175.24","1,170.17","1,176.41","1,168.00","1.06B","0.29%"
"03/30/2018","1,171.79","1,169.93","1,173.48","1,155.88","1.74B","0.66%"
"03/29/2018","1,164.10","1,176.58","1,180.63","1,156.01","2.67B","-1.17%"
"03/28/2018","1,177.92","1,186.23","1,190.44","1,175.21","1.17B","-0.86%"
"03/27/2018","1,188.10","1,192.26","1,193.82","1,186.21","1.35B","0.02%"
"03/26/2018","1,187.86","1,183.30","1,188.12","1,179.77","659.28M","0.51%"
"03/23/2018","1,181.86","1,169.67","1,181.86","1,168.81","980.33M","-0.03%"
"03/22/2018","1,182.23","1,189.31","1,193.40","1,180.58","942.12M","-0.07%"
"03/21/2018","1,183.00","1,189.53","1,191.09","1,180.94","1.28B","-0.07%"
"03/20/2018","1,183.87","1,180.51","1,187.89","1,179.17","1.16B","-0.06%"
"03/19/2018","1,184.63","1,192.99","1,193.37","1,183.14","1.20B","-0.66%"
"03/16/2018","1,192.49","1,191.60","1,197.15","1,188.92","1.47B","-0.23%"
"03/15/2018","1,195.26","1,196.52","1,200.41","1,191.51","2.05B","-0.01%"
"03/14/2018","1,195.41","1,192.35","1,199.66","1,190.48","2.02B","-0.04%"
"03/13/2018","1,195.91","1,187.79","1,196.00","1,184.30","1.99B","0.44%"
"03/12/2018","1,190.66","1,183.58","1,190.66","1,178.45","1.66B","1.58%"
"03/09/2018","1,172.17","1,175.16","1,176.50","1,162.09","1.30B","0.21%"
"03/08/2018","1,169.75","1,173.54","1,182.05","1,164.22","1.42B","-0.02%"
"03/07/2018","1,170.00","1,180.04","1,181.08","1,168.85","1.52B","-1.04%"
"03/06/2018","1,182.24","1,190.99","1,196.52","1,179.96","1.77B","-0.61%"
"03/05/2018","1,189.54","1,192.54","1,195.81","1,176.61","1.18B","-0.30%"
"03/02/2018","1,193.17","1,197.88","1,201.62","1,188.45","1.40B","-1.03%"
"02/28/2018","1,205.57","1,204.59","1,214.22","1,201.77","1.43B","-0.03%"
"02/27/2018","1,205.90","1,212.54","1,223.67","1,205.80","2.09B","-0.03%"
"02/26/2018","1,206.31","1,185.73","1,206.38","1,183.57","1.35B","1.93%"
"02/23/2018","1,183.47","1,175.55","1,184.93","1,171.66","1.09B","1.03%"
"02/22/2018","1,171.45","1,174.35","1,181.76","1,170.21","1.54B","-0.20%"
"02/21/2018","1,173.75","1,178.10","1,180.27","1,170.06","3.04B","0.40%"
"02/20/2018","1,169.10","1,176.10","1,178.52","1,168.80","882.91M","-0.50%"
"02/19/2018","1,174.97","1,176.50","1,181.30","1,174.15","954.31M","0.27%"
"02/16/2018","1,171.83","1,171.85","1,174.72","1,169.23","644.34M","0.24%"
"02/15/2018","1,168.97","1,166.48","1,170.00","1,161.26","711.90M","0.77%"
"02/14/2018","1,160.09","1,169.04","1,169.87","1,159.98","1.02B","-0.42%"
"02/13/2018","1,164.95","1,167.60","1,168.59","1,162.24","1.22B","0.10%"
"02/12/2018","1,163.81","1,156.89","1,164.11","1,153.98","953.43M","0.79%"
"02/09/2018","1,154.71","1,143.32","1,157.25","1,142.57","1.36B","-0.19%"
"02/08/2018","1,156.96","1,159.55","1,165.05","1,154.11","1.21B","-0.18%"
"02/07/2018","1,159.01","1,170.19","1,172.46","1,156.18","1.63B","-0.23%"
"02/06/2018","1,161.67","1,151.47","1,164.18","1,140.37","3.03B","-1.17%"
"02/05/2018","1,175.46","1,168.66","1,179.18","1,167.74","2.70B","-1.07%"
"02/02/2018","1,188.12","1,195.82","1,198.35","1,184.14","1.53B","-0.31%"
"02/01/2018","1,191.83","1,191.58","1,194.61","1,188.21","1.31B","0.48%"
"01/31/2018","1,186.16","1,181.83","1,192.44","1,180.36","1.38B","0.00%"
"01/30/2018","1,186.17","1,192.89","1,193.78","1,182.60","1.51B","-0.78%"
"01/29/2018","1,195.46","1,194.95","1,197.76","1,190.74","1.23B","0.51%"
"01/26/2018","1,189.45","1,182.41","1,189.85","1,173.81","2.01B","0.67%"
"01/25/2018","1,181.56","1,198.88","1,202.06","1,181.56","2.09B","-1.17%"
"01/24/2018","1,195.60","1,191.27","1,197.75","1,189.01","1.45B","0.24%"
"01/23/2018","1,192.74","1,190.69","1,195.60","1,186.67","1.83B","0.59%"
"01/22/2018","1,185.78","1,182.14","1,189.08","1,178.78","1.17B","0.18%"
"01/19/2018","1,183.60","1,178.63","1,183.60","1,170.95","2.00B","0.08%"
"01/18/2018","1,182.70","1,194.53","1,195.75","1,182.65","1.83B","-0.60%"
"01/17/2018","1,189.89","1,184.66","1,190.65","1,181.69","1.70B","0.24%"
"01/16/2018","1,187.02","1,194.16","1,195.19","1,184.83","1.52B","-0.12%"
"01/15/2018","1,188.44","1,182.69","1,191.78","1,182.16","2.02B","1.07%"
"01/12/2018","1,175.81","1,176.10","1,181.54","1,174.80","1.56B","0.45%"
"01/11/2018","1,170.56","1,164.05","1,171.70","1,157.07","1.55B","0.50%"
"01/10/2018","1,164.68","1,170.56","1,175.28","1,162.75","2.25B","-0.10%"
"01/09/2018","1,165.86","1,164.60","1,167.95","1,156.48","1.50B","0.18%"
"01/08/2018","1,163.72","1,168.99","1,179.54","1,163.72","1.56B","-0.30%"
"01/05/2018","1,167.18","1,169.49","1,173.90","1,163.09","1.83B","-0.01%"
"01/04/2018","1,167.29","1,162.74","1,167.80","1,156.97","2.11B","0.95%"
"01/03/2018","1,156.28","1,139.70","1,157.16","1,138.20","2.06B","1.86%"
"12/29/2017","1,135.14","1,133.14","1,136.54","1,130.55","896.64M","0.52%"
"12/28/2017","1,129.30","1,139.05","1,140.04","1,123.40","1.35B","-0.67%"
"12/27/2017","1,136.92","1,139.49","1,145.14","1,135.76","832.13M","0.06%"
"12/26/2017","1,136.20","1,135.62","1,137.88","1,129.15","758.15M","0.04%"
"12/25/2017","1,135.70","1,130.90","1,137.99","1,129.61","772.37M","0.64%"
"12/22/2017","1,128.48","1,126.11","1,130.42","1,123.05","873.42M","0.35%"
"12/21/2017","1,124.57","1,126.95","1,128.66","1,122.86","751.38M","-0.15%"
"12/20/2017","1,126.23","1,122.98","1,127.37","1,118.73","1.08B","0.35%"
"12/19/2017","1,122.30","1,119.87","1,125.79","1,119.20","1.30B","0.40%"
"12/18/2017","1,117.82","1,115.33","1,120.45","1,112.69","948.64M","0.41%"
"12/15/2017","1,113.30","1,110.35","1,113.55","1,106.92","1.03B","0.16%"
"12/14/2017","1,111.49","1,105.79","1,111.55","1,103.71","827.03M","0.66%"
"12/13/2017","1,104.15","1,102.69","1,106.29","1,100.85","836.79M","0.25%"
"12/12/2017","1,101.36","1,103.00","1,104.83","1,098.70","739.72M","0.06%"
"12/08/2017","1,100.68","1,100.24","1,105.04","1,097.44","945.58M","0.24%"
"12/07/2017","1,098.08","1,090.44","1,098.08","1,087.66","899.59M","0.67%"
"12/06/2017","1,090.79","1,088.21","1,091.26","1,082.71","904.25M","0.04%"
"12/04/2017","1,090.40","1,093.58","1,094.79","1,086.33","695.69M","0.11%"
"12/01/2017","1,089.24","1,091.57","1,092.82","1,085.90","1.11B","0.31%"
"11/30/2017","1,085.86","1,088.97","1,093.75","1,082.86","1.17B","-0.53%"
"11/29/2017","1,091.68","1,093.12","1,098.11","1,090.30","1.20B","0.06%"
"11/28/2017","1,091.06","1,084.40","1,091.06","1,083.93","953.87M","0.60%"
"11/27/2017","1,084.57","1,081.72","1,085.57","1,078.19","761.68M","0.08%"
"11/24/2017","1,083.70","1,089.36","1,092.14","1,080.15","1.37B","-0.61%"
"11/23/2017","1,090.30","1,095.19","1,096.91","1,089.57","1.01B","-0.24%"
"11/22/2017","1,092.94","1,093.87","1,099.45","1,091.50","896.20M","0.28%"
"11/21/2017","1,089.93","1,092.91","1,094.59","1,086.96","1.08B","-0.09%"
"11/20/2017","1,090.86","1,092.98","1,094.73","1,089.87","734.79M","0.15%"
"11/17/2017","1,089.23","1,084.38","1,091.03","1,080.43","1.06B","1.17%"
"11/16/2017","1,076.63","1,076.94","1,081.46","1,076.38","1.68B","0.15%"
"11/15/2017","1,075.03","1,081.88","1,082.88","1,073.46","1.04B","-0.81%"
"11/14/2017","1,083.79","1,074.56","1,085.88","1,071.21","827.05M","1.08%"
"11/13/2017","1,072.23","1,070.79","1,075.19","1,066.35","825.33M","-0.07%"
"11/10/2017","1,072.97","1,081.15","1,082.88","1,072.31","986.66M","-0.79%"
"11/09/2017","1,081.52","1,091.70","1,092.10","1,080.33","917.62M","-0.69%"
"11/08/2017","1,089.02","1,089.07","1,092.77","1,085.41","927.12M","0.10%"
"11/07/2017","1,087.89","1,089.43","1,092.91","1,086.55","907.88M","0.14%"
"11/06/2017","1,086.33","1,079.68","1,087.00","1,073.89","1.04B","0.73%"
"11/03/2017","1,078.50","1,083.00","1,083.40","1,076.09","1.11B","-0.09%"
"11/02/2017","1,079.45","1,089.24","1,090.02","1,079.41","1.20B","-0.89%"
"11/01/2017","1,089.13","1,099.65","1,100.46","1,088.31","1.25B","-0.51%"
"10/31/2017","1,094.74","1,095.63","1,099.57","1,092.81","1.06B","0.12%"
"10/30/2017","1,093.45","1,093.21","1,097.20","1,081.64","1.02B","0.26%"
"10/27/2017","1,090.66","1,088.22","1,096.06","1,087.91","886.46M","0.41%"
"10/25/2017","1,086.25","1,087.59","1,089.75","1,083.73","768.03M","0.30%"
"10/24/2017","1,082.98","1,080.11","1,087.10","1,077.81","788.08M","0.36%"
"10/20/2017","1,079.07","1,066.12","1,082.21","1,065.27","1.50B","0.44%"
"10/19/2017","1,074.37","1,091.80","1,094.64","1,072.75","1.48B","-1.66%"
"10/18/2017","1,092.55","1,103.79","1,103.94","1,091.67","1.18B","-1.10%"
"10/17/2017","1,104.72","1,105.20","1,107.69","1,100.02","1.63B","-0.07%"
"10/16/2017","1,105.49","1,100.18","1,107.12","1,099.44","1.27B","1.02%"
"10/12/2017","1,094.33","1,099.16","1,100.66","1,091.87","1.17B","-0.21%"
"10/11/2017","1,096.64","1,097.65","1,100.37","1,093.72","1.38B","0.42%"
"10/10/2017","1,092.02","1,081.33","1,093.50","1,076.70","1.38B","1.13%"
"10/09/2017","1,079.82","1,082.86","1,084.97","1,079.15","776.38M","-0.17%"
"10/06/2017","1,081.63","1,082.07","1,085.89","1,079.69","1.31B","0.35%"
"10/05/2017","1,077.91","1,078.52","1,080.81","1,075.14","1.20B","0.06%"
"10/04/2017","1,077.26","1,083.73","1,088.20","1,074.65","1.50B","-0.35%"
"10/03/2017","1,081.07","1,083.51","1,084.35","1,077.81","935.76M","-0.04%"
"10/02/2017","1,081.51","1,071.88","1,083.11","1,071.65","1.28B","1.18%"
"09/29/2017","1,068.92","1,065.98","1,072.06","1,063.62","1.05B","0.26%"
"09/28/2017","1,066.16","1,071.61","1,073.23","1,061.07","1.17B","-0.40%"
"09/27/2017","1,070.45","1,069.40","1,073.75","1,063.80","1.27B","0.13%"
"09/26/2017","1,069.07","1,070.36","1,073.28","1,067.41","1.02B","0.16%"
"09/25/2017","1,067.41","1,062.45","1,068.74","1,059.45","1.04B","0.59%"
"09/22/2017","1,061.16","1,066.47","1,070.01","1,060.64","1.33B","-0.86%"
"09/21/2017","1,070.39","1,072.55","1,075.99","1,069.83","834.53M","-0.21%"
"09/20/2017","1,072.61","1,074.21","1,076.71","1,067.81","1.28B","-0.30%"
"09/19/2017","1,075.89","1,075.60","1,077.94","1,068.00","1.64B","0.16%"
"09/18/2017","1,074.16","1,066.64","1,079.83","1,066.17","2.00B","0.93%"
"09/15/2017","1,064.27","1,062.62","1,065.42","1,058.04","1.42B","0.19%"
"09/14/2017","1,062.29","1,051.39","1,064.66","1,049.53","1.69B","1.25%"
"09/13/2017","1,049.16","1,052.59","1,055.76","1,047.62","1.37B","-0.10%"
"09/12/2017","1,050.24","1,050.12","1,052.90","1,046.95","1.13B","0.28%"
"09/11/2017","1,047.31","1,046.99","1,051.51","1,044.95","1.17B","0.10%"
"09/08/2017","1,046.26","1,046.67","1,054.70","1,044.80","1.74B","0.43%"
"09/07/2017","1,041.78","1,035.33","1,043.04","1,033.59","1.49B","0.76%"
"09/06/2017","1,033.92","1,033.54","1,034.08","1,029.10","1.31B","0.01%"
"09/05/2017","1,033.79","1,034.74","1,036.10","1,030.63","1.11B","-0.01%"
"09/04/2017","1,033.90","1,032.80","1,034.92","1,029.63","870.35M","0.00%"
"09/01/2017","1,033.85","1,037.25","1,038.85","1,032.48","728.34M","-0.04%"
"08/31/2017","1,034.29","1,031.96","1,034.38","1,028.29","1.34B","-0.03%"
"08/30/2017","1,034.65","1,037.19","1,044.36","1,032.32","1.31B","-0.01%"
"08/29/2017","1,034.76","1,011.65","1,038.13","1,010.40","2.36B","2.39%"
"08/28/2017","1,010.57","1,006.23","1,013.78","1,004.60","1.19B","0.74%"
"08/25/2017","1,003.17","1,003.81","1,005.44","999.97","731.33M","-0.04%"
"08/24/2017","1,003.56","1,003.30","1,005.06","1,000.84","906.79M","0.20%"
"08/23/2017","1,001.51","1,003.10","1,004.21","998.78","661.89M","-0.03%"
"08/22/2017","1,001.85","1,000.97","1,003.14","999.13","778.43M","0.26%"
"08/21/2017","999.27","998.70","1,001.06","997.36","724.45M","0.26%"
"08/18/2017","996.70","996.55","998.40","994.05","860.09M","-0.11%"
"08/17/2017","997.78","999.45","1,000.25","995.82","1.28B","-0.07%"
"08/16/2017","998.51","998.13","999.71","995.02","923.59M","-0.07%"
"08/15/2017","999.16","1,000.08","1,002.91","997.60","762.35M","0.41%"
"08/11/2017","995.06","997.47","998.07","991.42","884.07M","-0.53%"
"08/10/2017","1,000.34","1,000.01","1,001.73","996.20","615.58M","0.09%"
"08/09/2017","999.47","1,002.63","1,002.95","997.37","535.94M","-0.29%"
"08/08/2017","1,002.40","1,000.98","1,004.29","999.16","672.71M","0.26%"
"08/07/2017","999.79","1,002.16","1,003.20","998.38","661.67M","-0.24%"
"08/04/2017","1,002.19","1,004.31","1,005.35","1,001.23","678.83M","-0.05%"
"08/03/2017","1,002.69","1,004.50","1,006.96","1,002.24","588.86M","-0.22%"
"08/02/2017","1,004.88","1,005.83","1,006.72","1,002.59","905.85M","0.21%"
"08/01/2017","1,002.77","1,001.85","1,004.96","999.30","842.53M","-0.12%"
"07/31/2017","1,003.96","1,007.39","1,007.97","998.29","1.03B","-0.31%"
"07/27/2017","1,007.08","1,008.35","1,008.75","1,004.22","707.69M","-0.02%"
"07/26/2017","1,007.28","1,006.47","1,009.21","1,005.18","945.63M","0.17%"
"07/25/2017","1,005.53","1,002.23","1,006.36","1,000.89","1.22B","0.46%"
"07/24/2017","1,000.91","998.74","1,003.12","998.34","782.73M","0.27%"
"07/21/2017","998.19","999.93","1,001.36","997.35","1.16B","-0.04%"
"07/20/2017","998.59","1,000.52","1,001.81","997.99","831.86M","-0.16%"
"07/19/2017","1,000.22","998.65","1,001.33","996.48","613.17M","0.40%"
"07/18/2017","996.25","997.64","998.38","993.31","975.74M","-0.05%"
"07/17/2017","996.76","1,001.81","1,002.79","995.29","674.98M","-0.25%"
"07/14/2017","999.30","1,000.55","1,001.46","996.01","682.72M","-0.01%"
"07/13/2017","999.35","1,000.35","1,002.66","996.70","1.04B","0.33%"
"07/12/2017","996.09","995.16","998.97","992.48","1.21B","0.42%"
"07/11/2017","991.95","993.13","994.60","988.87","924.19M","-0.09%"
"07/07/2017","992.88","992.02","993.79","989.29","714.95M","-0.08%"
"07/06/2017","993.69","995.93","996.57","988.89","986.14M","-0.24%"
"07/05/2017","996.08","996.39","998.84","994.13","692.74M","0.07%"
"07/04/2017","995.39","1,001.13","1,002.06","994.02","670.82M","-0.38%"
"07/03/2017","999.16","996.76","999.89","994.94","662.81M","0.48%"
"06/30/2017","994.35","995.48","997.67","990.74","959.30M","-0.08%"
"06/29/2017","995.10","1,000.46","1,003.26","993.77","1.46B","-0.22%"
"06/28/2017","997.33","999.26","1,000.19","995.38","803.63M","-0.23%"
"06/27/2017","999.60","999.46","1,001.15","997.04","730.31M","0.22%"
"06/26/2017","997.44","998.82","1,000.62","995.63","1.08B","0.12%"
"06/23/2017","996.26","996.12","998.28","994.93","1.23B","0.13%"
"06/22/2017","994.96","993.05","997.51","992.47","1.17B","0.23%"
"06/21/2017","992.70","992.40","993.92","989.73","920.84M","-0.18%"
"06/20/2017","994.52","997.42","997.81","993.00","715.56M","-0.14%"
"06/19/2017","995.90","994.29","997.72","993.74","763.12M","0.38%"
"06/16/2017","992.10","992.13","993.98","988.76","811.46M","0.25%"
"06/15/2017","989.58","990.99","994.30","989.22","640.64M","-0.36%"
"06/14/2017","993.15","991.66","994.72","989.09","715.81M","0.19%"
"06/13/2017","991.24","986.35","992.22","985.03","917.44M","0.65%"
"06/12/2017","984.87","987.78","989.80","982.82","711.62M","-0.27%"
"06/09/2017","987.52","990.71","991.04","985.79","862.28M","-0.33%"
"06/08/2017","990.74","988.68","991.81","985.51","845.96M","0.28%"
"06/07/2017","987.95","990.88","992.82","987.44","789.31M","-0.21%"
"06/06/2017","990.04","988.95","991.35","985.24","968.97M","0.17%"
"06/05/2017","988.36","993.57","994.33","985.89","896.33M","-0.19%"
"06/02/2017","990.22","989.31","992.51","988.30","807.13M","0.25%"
"06/01/2017","987.79","986.69","989.64","984.64","1.06B","0.17%"
"05/31/2017","986.08","993.70","995.34","984.18","1.12B","-0.55%"
"05/30/2017","991.49","993.01","993.91","990.93","482.85M","-0.04%"
"05/29/2017","991.87","991.79","993.90","989.92","655.45M","-0.01%"
"05/26/2017","991.97","991.83","994.51","990.09","746.37M","-0.05%"
"05/25/2017","992.43","993.57","994.86","991.07","754.16M","0.08%"
"05/24/2017","991.62","991.23","993.48","989.58","805.49M","0.09%"
"05/23/2017","990.69","989.04","991.99","987.18","776.50M","0.34%"
"05/22/2017","987.38","985.24","989.57","985.21","841.45M","0.52%"
"05/19/2017","982.25","981.71","984.97","979.92","783.98M","0.14%"
"05/18/2017","980.83","981.39","984.28","979.23","793.74M","-0.32%"
"05/17/2017","983.98","985.09","987.98","983.02","1.33B","-0.07%"
"05/16/2017","984.66","980.64","986.26","979.65","1.35B","0.40%"
"05/15/2017","980.75","982.29","983.19","976.94","1.08B","-0.27%"
"05/12/2017","983.37","989.56","989.56","979.40","1.24B","-0.61%"
"05/11/2017","989.38","994.54","995.70","986.24","1.14B","-0.41%"
"05/09/2017","993.46","998.46","998.94","991.19","966.95M","-0.31%"
"05/08/2017","996.56","996.87","998.70","994.42","760.59M","-0.07%"
"05/05/2017","997.24","997.67","998.75","992.96","773.58M","-0.18%"
"05/04/2017","999.01","994.79","1,000.63","994.59","987.41M","0.55%"
"05/03/2017","993.57","993.77","997.19","992.85","632.30M","0.08%"
"05/02/2017","992.82","994.03","997.39","992.36","643.94M","-0.12%"
"04/28/2017","993.98","996.60","997.20","992.20","1.02B","-0.12%"
"04/27/2017","995.19","996.13","997.36","992.55","705.15M","-0.17%"
"04/26/2017","996.93","993.71","998.89","991.47","1.03B","0.36%"
"04/25/2017","993.39","994.19","996.76","987.25","1.23B","0.09%"
"04/24/2017","992.51","996.31","997.62","990.36","844.56M","-0.33%"
"04/21/2017","995.83","995.56","998.69","994.60","943.04M","0.20%"
"04/20/2017","993.86","992.80","998.18","991.91","1.18B","0.10%"
"04/19/2017","992.89","997.01","998.39","992.71","1.49B","-0.48%"
"04/18/2017","997.68","1,002.31","1,004.78","997.62","980.59M","-0.21%"
"04/17/2017","999.77","1,005.88","1,006.04","998.52","596.67M","-0.94%"
"04/12/2017","1,009.23","1,005.30","1,009.23","1,004.70","715.93M","0.60%"
"04/11/2017","1,003.25","1,003.65","1,006.90","1,001.83","809.93M","0.07%"
"04/10/2017","1,002.50","1,000.60","1,003.78","997.74","653.60M","-0.08%"
"04/07/2017","1,003.26","998.53","1,003.59","995.75","853.72M","0.31%"
"04/05/2017","1,000.13","1,000.87","1,002.47","996.20","1.08B","-0.08%"
"04/04/2017","1,000.98","998.94","1,002.48","996.97","951.57M","0.16%"
"04/03/2017","999.39","998.92","1,002.35","997.90","853.26M","0.30%"
"03/31/2017","996.44","1,002.97","1,004.58","996.44","1.28B","-0.51%"
"03/30/2017","1,001.52","997.96","1,005.43","996.41","1.13B","0.39%"
"03/29/2017","997.63","998.86","1,001.37","995.63","860.60M","-0.28%"
"03/28/2017","1,000.40","997.38","1,002.49","996.36","1.07B","0.50%"
"03/27/2017","995.43","997.73","999.94","994.20","651.90M","-0.28%"
"03/24/2017","998.25","993.32","999.93","992.16","1.12B","0.50%"
"03/23/2017","993.25","995.72","996.60","992.40","732.53M","0.12%"
"03/22/2017","992.07","987.87","995.03","985.81","899.21M","-0.19%"
"03/21/2017","993.96","991.29","996.44","989.89","995.71M","0.45%"
"03/20/2017","989.53","991.07","994.59","987.92","934.67M","0.11%"
"03/17/2017","988.44","988.28","989.58","984.14","1.25B","0.18%"
"03/16/2017","986.70","982.58","989.20","980.28","1.62B","1.13%"
"03/15/2017","975.71","976.70","978.63","973.43","969.00M","-0.16%"
"03/14/2017","977.25","975.16","980.35","973.36","925.29M","0.19%"
"03/13/2017","975.37","972.25","975.88","968.15","938.24M","0.26%"
"03/10/2017","972.88","976.89","977.45","970.11","794.41M","-0.47%"
"03/09/2017","977.50","977.33","979.51","973.94","718.41M","-0.27%"
"03/08/2017","980.14","974.31","980.71","968.10","1.11B","0.58%"
"03/07/2017","974.53","975.37","978.89","972.94","710.76M","-0.10%"
"03/06/2017","975.54","981.46","982.10","973.12","836.02M","-0.80%"
"03/03/2017","983.41","983.41","985.74","982.05","1.02B","-0.26%"
"03/02/2017","985.93","988.19","989.79","985.39","1.08B","0.00%"
"03/01/2017","985.94","981.19","986.01","979.67","1.07B","0.76%"
"02/28/2017","978.46","978.00","981.18","977.39","761.68M","0.25%"
"02/27/2017","976.06","977.72","979.83","975.54","767.56M","-0.56%"
"02/24/2017","981.51","981.92","984.23","978.57","1.05B","-0.11%"
"02/23/2017","982.64","985.23","985.56","979.65","1.52B","-0.45%"
"02/22/2017","987.05","983.76","987.56","979.68","927.52M","0.61%"
"02/21/2017","981.03","989.62","993.87","981.03","1.06B","-0.88%"
"02/20/2017","989.74","990.97","992.42","986.52","967.24M","0.08%"
"02/17/2017","988.95","989.56","993.92","988.57","974.68M","0.19%"
"02/16/2017","987.04","985.39","990.11","983.72","1.11B","0.25%"
"02/15/2017","984.60","980.85","985.62","975.67","1.66B","0.30%"
"02/14/2017","981.66","993.55","994.52","980.72","1.09B","-1.08%"
"02/10/2017","992.36","995.08","995.91","990.36","1.15B","0.20%"
"02/09/2017","990.33","998.74","1,000.66","990.15","1.12B","-0.59%"
"02/08/2017","996.23","990.91","1,000.71","989.90","1.44B","0.50%"
"02/07/2017","991.30","994.49","997.32","988.97","933.37M","-0.51%"
"02/06/2017","996.40","993.72","998.78","991.17","1.30B","0.55%"
"02/03/2017","990.97","982.49","993.43","980.49","1.10B","0.87%"
"02/02/2017","982.41","984.91","988.59","981.46","904.01M","-0.23%"
"02/01/2017","984.71","982.22","987.18","979.10","1.23B","0.05%"
"01/31/2017","984.21","991.02","991.68","982.97","1.31B","-1.06%"
"01/30/2017","994.76","994.15","997.52","991.84","621.54M","-0.13%"
"01/27/2017","996.10","997.54","998.24","993.03","940.02M","-0.23%"
"01/26/2017","998.44","1,000.98","1,004.03","993.98","1.91B","0.80%"
"01/25/2017","990.51","987.34","992.74","984.83","2.83B","0.64%"
"01/24/2017","984.23","977.12","985.07","976.89","2.94B","0.84%"
"01/23/2017","976.04","975.90","977.74","973.27","1.01B","0.34%"
"01/20/2017","972.72","967.73","975.63","966.29","1.89B","0.36%"
"01/19/2017","969.19","971.26","972.52","963.58","1.57B","-0.35%"
"01/18/2017","972.59","978.13","980.01","972.51","1.79B","-0.43%"
"01/17/2017","976.82","980.06","983.43","976.05","1.45B","-0.30%"
"01/16/2017","979.74","981.55","984.25","976.33","1.08B","-0.35%"
"01/13/2017","983.23","982.47","984.68","977.89","1.08B","0.40%"
"01/12/2017","979.29","987.07","987.25","977.98","1.62B","-0.27%"
"01/11/2017","981.90","982.99","989.57","981.90","1.50B","-0.19%"
"01/10/2017","983.72","977.64","985.65","977.60","1.67B","0.53%"
"01/09/2017","978.56","984.33","984.99","976.03","1.56B","-0.54%"
"01/06/2017","983.91","986.65","988.39","980.63","2.10B","-0.16%"
"01/05/2017","985.53","983.91","988.18","980.40","1.99B","0.47%"
"01/04/2017","980.93","968.24","981.50","968.12","1.98B","1.67%"
"12/30/2016","964.84","963.08","968.60","961.74","705.94M","0.30%"
"12/29/2016","961.96","950.76","966.85","950.31","718.65M","1.11%"
"12/28/2016","951.39","948.33","953.35","946.45","620.27M","0.58%"
"12/27/2016","945.88","945.86","948.02","944.34","495.14M","0.05%"
"12/26/2016","945.45","942.19","947.04","941.89","438.10M","0.48%"
"12/23/2016","940.98","938.85","943.81","936.20","628.37M","0.25%"
"12/22/2016","938.60","940.70","941.29","936.00","482.28M","-0.18%"
"12/21/2016","940.30","945.40","946.97","940.07","489.36M","-0.41%"
"12/20/2016","944.18","949.21","949.52","940.86","655.80M","-0.42%"
"12/19/2016","948.14","947.65","950.70","946.42","666.87M","0.16%"
"12/16/2016","946.62","949.26","951.63","946.13","898.94M","-0.04%"
"12/15/2016","946.98","945.76","950.22","944.23","1.02B","-0.33%"
"12/14/2016","950.09","956.60","957.42","948.52","993.01M","-0.71%"
"12/13/2016","956.86","955.22","959.08","950.12","1.32B","0.26%"
"12/09/2016","954.37","958.60","959.36","951.35","910.75M","0.07%"
"12/08/2016","953.68","953.71","958.22","953.24","1.20B","0.21%"
"12/07/2016","951.71","947.78","954.45","946.49","1.01B","0.17%"
"12/06/2016","950.09","942.64","950.09","939.29","755.42M","1.05%"
"12/02/2016","940.21","948.23","952.01","937.68","758.25M","-0.75%"
"12/01/2016","947.32","950.36","954.22","946.37","1.12B","0.44%"
"11/30/2016","943.18","933.12","945.14","930.88","1.21B","1.15%"
"11/29/2016","932.48","940.24","942.05","931.85","1.09B","-0.25%"
"11/28/2016","934.78","936.51","937.73","933.44","895.60M","-0.07%"
"11/25/2016","935.46","931.41","935.46","930.41","953.48M","0.80%"
"11/24/2016","928.03","931.72","933.48","927.01","1.44B","-0.55%"
"11/23/2016","933.20","928.96","933.22","927.08","1.08B","0.84%"
"11/22/2016","925.45","925.19","928.44","923.97","1.07B","0.66%"
"11/21/2016","919.41","919.31","923.89","916.27","883.31M","0.24%"
"11/18/2016","917.20","916.61","919.27","911.72","1.03B","-0.09%"
"11/17/2016","918.03","919.03","919.98","912.03","1.26B","0.08%"
"11/16/2016","917.28","925.72","928.19","917.24","1.27B","-0.31%"
"11/15/2016","920.17","917.67","921.96","909.30","1.58B","0.63%"
"11/14/2016","914.45","923.08","924.68","913.04","1.33B","-2.07%"
"11/11/2016","933.81","942.45","942.94","932.93","2.23B","-1.37%"
"11/10/2016","946.79","950.72","952.98","946.22","2.20B","0.29%"
"11/09/2016","944.07","937.41","944.08","928.15","3.90B","-0.14%"
"11/08/2016","945.39","939.59","946.15","937.47","2.24B","0.75%"
"11/07/2016","938.33","934.02","940.71","932.90","1.23B","1.28%"
"11/04/2016","926.47","928.19","931.06","923.23","1.16B","-0.63%"
"11/03/2016","932.36","936.70","942.18","932.31","1.27B","-0.57%"
"11/02/2016","937.75","940.80","940.97","934.74","1.15B","-0.51%"
"11/01/2016","942.56","939.53","944.40","938.73","1.51B","0.63%"
"10/31/2016","936.66","937.37","939.35","934.67","848.85M","-0.22%"
"10/28/2016","938.72","942.76","943.31","935.96","1.03B","-0.27%"
"10/27/2016","941.27","938.10","944.11","936.85","1.22B","0.30%"
"10/26/2016","938.42","948.02","949.07","938.42","1.08B","-1.13%"
"10/25/2016","949.16","949.75","950.94","943.82","1.13B","0.23%"
"10/21/2016","947.01","945.48","948.30","942.24","1.56B","0.26%"
"10/20/2016","944.52","947.47","949.71","944.16","1.65B","0.46%"
"10/19/2016","940.21","932.25","944.93","930.38","1.74B","0.27%"
"10/18/2016","937.67","941.07","942.78","932.33","1.62B","-0.22%"
"10/17/2016","939.76","937.61","944.46","932.02","1.82B","-0.43%"
"10/14/2016","943.85","941.68","947.19","929.68","3.31B","4.09%"
"10/13/2016","906.77","883.77","906.77","863.11","3.31B","1.17%"
"10/12/2016","896.30","910.77","912.60","850.23","4.16B","-2.27%"
"10/11/2016","917.14","933.67","934.89","910.55","1.92B","-1.16%"
"10/10/2016","927.87","924.39","936.60","922.30","2.39B","-3.07%"
"10/07/2016","957.23","963.65","964.20","954.50","1.37B","-0.67%"
"10/06/2016","963.65","964.12","967.78","961.03","1.77B","0.09%"
"10/05/2016","962.77","965.61","966.51","960.06","1.36B","-0.11%"
"10/04/2016","963.83","953.21","964.94","951.65","1.63B","1.43%"
"10/03/2016","950.24","949.75","952.83","947.88","1.28B","0.62%"
"09/30/2016","944.42","945.45","948.79","942.11","1.14B","-0.58%"
"09/29/2016","949.91","949.80","955.91","946.97","1.43B","0.91%"
"09/28/2016","941.30","946.70","949.24","938.82","1.11B","-0.66%"
"09/27/2016","947.58","951.88","955.09","947.58","849.53M","-0.14%"
"09/26/2016","948.87","942.81","950.52","940.53","952.36M","-0.30%"
"09/23/2016","951.73","961.04","961.04","946.52","1.41B","-0.98%"
"09/22/2016","961.13","957.35","962.72","954.44","1.57B","1.35%"
"09/21/2016","948.33","944.05","956.21","943.04","1.89B","1.02%"
"09/20/2016","938.80","949.41","949.77","933.77","1.37B","-1.37%"
"09/19/2016","951.81","946.16","952.61","943.64","1.33B","0.83%"
"09/16/2016","943.94","936.86","943.94","933.70","2.18B","1.26%"
"09/15/2016","932.21","931.36","936.70","928.37","1.30B","0.14%"
"09/14/2016","930.95","923.74","933.75","922.63","1.04B","0.59%"
"09/13/2016","925.46","913.50","928.18","910.82","1.48B","2.90%"
"09/12/2016","899.38","907.68","913.48","899.06","1.44B","-2.40%"
"09/09/2016","921.48","927.59","930.92","915.62","1.68B","-0.68%"
"09/08/2016","927.82","944.81","945.81","924.36","2.22B","-1.65%"
"09/07/2016","943.39","952.51","959.61","943.18","1.45B","-0.72%"
"09/06/2016","950.22","950.07","955.43","946.72","1.62B","0.12%"
"09/05/2016","949.11","968.82","969.55","939.06","2.29B","-1.59%"
"09/02/2016","964.44","977.47","978.07","961.14","2.00B","-1.40%"
"09/01/2016","978.17","983.85","984.67","978.17","1.63B","-0.52%"
"08/31/2016","983.26","981.71","983.82","976.86","1.29B","0.02%"
"08/30/2016","983.07","985.46","988.74","983.07","1.12B","0.05%"
"08/29/2016","982.53","988.51","989.74","979.32","1.41B","-0.48%"
"08/26/2016","987.29","984.01","991.87","983.52","1.13B","0.38%"
"08/25/2016","983.53","988.39","991.16","979.62","1.64B","-0.27%"
"08/24/2016","986.20","981.00","988.24","978.34","1.60B","0.51%"
"08/23/2016","981.17","976.28","982.21","973.04","1.74B","-0.14%"
"08/22/2016","982.53","979.97","984.59","978.31","1.68B","0.13%"
"08/19/2016","981.26","989.33","991.05","979.28","1.38B","-0.66%"
"08/18/2016","987.73","980.27","990.10","979.20","1.83B","1.11%"
"08/17/2016","976.90","979.85","983.46","975.45","1.67B","-0.50%"
"08/16/2016","981.84","991.54","994.70","978.40","1.91B","-0.73%"
"08/15/2016","989.06","982.67","995.59","981.34","1.82B","-0.17%"
"08/11/2016","990.71","987.18","990.73","984.01","2.00B","0.42%"
"08/10/2016","986.58","987.88","990.54","982.00","1.69B","0.05%"
"08/09/2016","986.05","984.87","989.78","981.90","1.93B","0.30%"
"08/08/2016","983.07","978.07","983.45","973.73","1.94B","2.12%"
"08/05/2016","962.62","960.11","963.63","958.02","1.41B","0.95%"
"08/04/2016","953.56","955.01","958.48","952.50","1.35B","0.05%"
"08/03/2016","953.09","945.32","954.75","942.22","1.67B","0.80%"
"08/02/2016","945.53","952.25","955.76","944.59","1.88B","-1.13%"
"08/01/2016","956.31","969.60","971.15","954.93","2.15B","-0.84%"
"07/29/2016","964.44","968.29","971.32","963.98","1.75B","-0.28%"
"07/28/2016","967.14","960.01","968.63","955.16","1.83B","0.73%"
"07/27/2016","960.17","957.90","961.83","956.92","1.62B","0.79%"
"07/26/2016","952.66","960.54","962.23","950.40","2.10B","-0.73%"
"07/25/2016","959.62","957.02","963.53","956.25","1.95B","0.07%"
"07/22/2016","958.98","953.20","959.54","948.76","1.54B","0.53%"
"07/21/2016","953.96","959.17","963.90","953.68","1.70B","-0.51%"
"07/20/2016","958.84","949.51","958.84","948.08","1.85B","1.69%"
"07/15/2016","942.95","945.01","948.38","941.50","1.56B","0.02%"
"07/14/2016","942.75","935.36","942.95","931.65","2.06B","0.90%"
"07/13/2016","934.38","935.58","937.70","931.52","2.65B","0.36%"
"07/12/2016","931.03","929.43","932.99","923.88","2.49B","0.53%"
"07/11/2016","926.08","922.34","928.03","921.14","2.38B","1.11%"
"07/08/2016","915.88","914.74","917.62","910.03","1.85B","0.05%"
"07/07/2016","915.44","918.48","921.90","915.32","3.65B","0.18%"
"07/06/2016","913.75","908.48","917.24","908.04","1.35B","0.03%"
"07/05/2016","913.48","918.45","921.62","912.81","1.47B","-0.55%"
"07/04/2016","918.54","916.81","919.97","914.56","1.28B","0.88%"
"06/30/2016","910.56","914.96","915.68","904.80","1.63B","0.18%"
"06/29/2016","908.89","911.13","914.24","907.35","2.18B","0.45%"
"06/28/2016","904.85","898.68","906.06","896.38","1.21B","0.85%"
"06/27/2016","897.24","890.40","900.10","888.54","1.49B","0.52%"
"06/24/2016","892.63","893.42","896.77","879.69","3.35B","-2.27%"
"06/23/2016","913.35","902.23","914.25","896.66","1.31B","1.23%"
"06/22/2016","902.26","907.97","910.14","900.09","1.14B","-0.59%"
"06/21/2016","907.65","901.55","909.53","899.89","1.46B","0.73%"
"06/20/2016","901.08","903.32","904.58","898.92","1.25B","0.11%"
"06/17/2016","900.11","897.00","900.78","892.77","997.40M","0.78%"
"06/16/2016","893.11","905.93","906.81","891.96","1.39B","-2.01%"
"06/15/2016","911.40","907.92","913.11","903.57","1.28B","0.51%"
"06/14/2016","906.77","902.30","908.14","901.85","1.14B","0.49%"
"06/13/2016","902.39","901.99","906.37","898.28","2.59B","-0.77%"
"06/10/2016","909.42","913.23","916.49","909.42","854.79M","-0.53%"
"06/09/2016","914.25","925.93","927.20","914.25","944.92M","-0.96%"
"06/08/2016","923.13","921.82","924.33","915.46","994.79M","0.23%"
"06/07/2016","921.02","925.13","926.79","919.55","1.41B","0.01%"
"06/06/2016","920.90","920.24","923.91","919.38","1.25B","0.45%"
"06/03/2016","916.77","911.99","918.03","909.42","1.78B","1.06%"
"06/02/2016","907.14","904.72","912.75","904.17","1.36B","0.43%"
"06/01/2016","903.25","909.37","913.52","903.25","1.09B","-0.86%"
"05/31/2016","911.11","913.89","914.56","907.41","2.10B","-0.09%"
"05/30/2016","911.91","911.61","913.96","906.99","1.41B","0.97%"
"05/27/2016","903.13","893.83","903.13","891.84","1.14B","1.05%"
"05/26/2016","893.78","892.16","896.16","890.73","1.18B","0.24%"
"05/25/2016","891.68","890.31","892.21","886.42","1.08B","1.07%"
"05/24/2016","882.25","881.71","884.34","876.84","877.75M","0.05%"
"05/23/2016","881.80","885.42","886.37","878.51","1.14B","-0.24%"
"05/19/2016","883.91","895.01","895.36","881.67","1.68B","-1.23%"
"05/18/2016","894.93","899.85","902.77","894.17","2.19B","-0.50%"
"05/17/2016","899.47","896.84","903.42","894.61","2.35B","1.18%"
"05/16/2016","889.02","893.60","896.36","886.24","2.19B","0.35%"
"05/13/2016","885.90","890.60","894.58","885.57","1.82B","-0.50%"
"05/12/2016","890.37","877.21","890.44","876.08","1.49B","1.81%"
"05/11/2016","874.54","882.93","885.37","874.45","1.55B","-0.94%"
"05/10/2016","882.86","880.83","885.15","877.62","1.40B","-0.46%"
"05/09/2016","886.96","882.58","887.07","876.92","1.53B","0.55%"
"05/04/2016","882.15","882.40","883.32","877.22","959.30M","-0.51%"
"05/03/2016","886.63","890.85","896.05","885.83","1.39B","-0.58%"
"04/29/2016","891.83","887.50","891.83","882.96","1.82B","0.48%"
"04/28/2016","887.53","900.91","902.99","885.27","1.20B","-1.07%"
"04/27/2016","897.16","904.80","906.10","894.88","1.30B","-0.65%"
"04/26/2016","903.05","894.95","905.80","892.51","1.42B","0.81%"
"04/25/2016","895.77","897.35","900.11","893.65","938.67M","-0.25%"
"04/22/2016","898.04","910.18","910.67","898.04","1.38B","-1.21%"
"04/21/2016","909.05","910.26","916.09","907.04","1.66B","0.69%"
"04/20/2016","902.84","904.34","906.82","896.94","1.87B","-0.17%"
"04/19/2016","904.35","893.60","906.27","892.21","1.78B","1.60%"
"04/18/2016","890.08","881.24","890.08","878.59","1.97B","1.14%"
"04/12/2016","880.09","873.09","880.84","871.88","1.46B","1.32%"
"04/11/2016","868.59","871.37","873.90","864.73","831.52M","-0.23%"
"04/08/2016","870.60","861.58","871.62","856.72","1.42B","1.23%"
"04/07/2016","860.01","874.48","876.91","860.01","1.71B","-1.61%"
"04/05/2016","874.04","887.06","887.38","873.78","1.89B","-2.57%"
"04/04/2016","897.12","897.86","899.58","894.23","961.60M","-0.25%"
"04/01/2016","899.39","902.60","903.90","895.26","1.33B","-0.72%"
"03/31/2016","905.93","905.22","909.80","900.45","1.13B","-0.31%"
"03/30/2016","908.79","901.71","916.95","901.21","1.88B","1.53%"
"03/29/2016","895.07","892.85","896.22","889.86","1.11B","0.20%"
"03/28/2016","893.29","897.65","900.74","891.23","1.33B","-0.47%"
"03/25/2016","897.50","908.57","910.86","897.50","1.42B","-1.11%"
"03/24/2016","907.57","909.03","913.64","905.92","1.76B","-0.68%"
"03/23/2016","913.76","900.59","914.08","897.85","2.48B","1.29%"
"03/22/2016","902.10","905.63","906.43","896.59","1.27B","0.36%"
"03/21/2016","898.86","889.93","898.88","886.52","2.04B","1.13%"
"03/18/2016","888.84","891.59","893.84","882.69","1.84B","0.29%"
"03/17/2016","886.31","892.16","893.58","886.07","2.02B","0.36%"
"03/16/2016","883.15","892.34","897.06","877.20","2.18B","-0.67%"
"03/15/2016","889.12","895.12","896.79","886.66","1.60B","-1.16%"
"03/14/2016","899.54","905.62","910.48","897.90","2.18B","-0.02%"
"03/11/2016","899.73","893.19","902.97","892.35","2.62B","1.34%"
"03/10/2016","887.86","900.77","901.03","886.44","2.84B","-1.40%"
"03/09/2016","900.49","884.38","900.51","880.02","2.59B","1.42%"
"03/08/2016","887.92","901.13","906.53","886.78","3.90B","-1.94%"
"03/07/2016","905.47","895.56","905.56","894.81","4.57B","1.75%"
"03/04/2016","889.89","896.39","898.49","887.45","2.57B","-0.12%"
"03/03/2016","890.96","884.51","894.33","882.78","2.69B","1.25%"
"03/02/2016","879.95","871.97","886.00","869.52","4.64B","1.68%"
"03/01/2016","865.40","854.20","865.40","850.96","2.48B","1.69%"
"02/29/2016","851.02","859.14","859.86","851.02","1.19B","-0.99%"
"02/26/2016","859.51","854.87","860.26","853.16","1.47B","0.98%"
"02/25/2016","851.17","855.18","855.94","845.96","1.33B","-0.02%"
"02/24/2016","851.36","844.57","855.85","842.53","1.28B","0.34%"
"02/23/2016","848.50","848.01","851.46","842.71","1.64B","0.48%"
"02/19/2016","844.43","821.76","844.45","820.99","1.66B","2.72%"
"02/18/2016","822.03","822.30","825.79","815.68","1.43B","0.90%"
"02/17/2016","814.71","811.69","815.06","803.75","1.39B","0.07%"
"02/16/2016","814.10","818.95","821.21","812.30","928.48M","0.17%"
"02/15/2016","812.74","812.34","817.30","809.46","861.58M","1.04%"
"02/12/2016","804.38","806.41","809.31","798.90","1.18B","-0.02%"
"02/11/2016","804.55","817.41","823.40","804.55","1.47B","-2.13%"
"02/10/2016","822.04","818.24","823.77","814.70","1.02B","0.06%"
"02/09/2016","821.52","818.41","822.54","814.14","1.04B","-0.48%"
"02/08/2016","825.48","827.29","830.54","823.44","645.71M","-0.34%"
"02/05/2016","828.28","826.96","828.98","822.66","1.19B","0.85%"
"02/04/2016","821.30","822.58","824.98","818.74","1.35B","0.57%"
"02/03/2016","816.62","804.05","816.72","802.33","1.45B","0.71%"
"02/02/2016","810.85","819.86","823.85","810.57","1.59B","-1.33%"
"02/01/2016","821.82","824.13","831.04","818.04","2.28B","-0.53%"
"01/29/2016","826.21","815.62","826.21","812.61","1.99B","1.59%"
"01/28/2016","813.29","807.14","813.44","800.17","1.70B","1.33%"
"01/27/2016","802.65","801.22","807.59","799.74","2.23B","1.04%"
"01/26/2016","794.42","788.40","796.69","787.08","1.95B","0.03%"
"01/25/2016","794.17","800.21","806.12","793.07","2.32B","0.08%"
"01/22/2016","793.57","786.85","797.31","781.11","1.90B","2.39%"
"01/21/2016","775.07","785.65","787.82","768.58","1.38B","-0.06%"
"01/20/2016","775.54","778.34","781.44","772.34","1.65B","-1.89%"
"01/19/2016","790.51","773.75","792.74","773.50","1.60B","2.44%"
"01/18/2016","771.71","763.34","776.70","760.55","1.25B","-0.23%"
"01/15/2016","773.46","793.02","796.42","772.50","1.58B","-2.08%"
"01/14/2016","789.91","792.52","798.97","787.48","1.98B","-1.74%"
"01/13/2016","803.90","796.13","804.17","790.96","2.56B","2.26%"
"01/12/2016","786.13","767.05","786.13","766.76","1.92B","2.12%"
"01/11/2016","769.81","768.73","770.38","757.91","1.66B","-1.04%"
"01/08/2016","777.88","767.73","779.65","764.58","1.58B","2.12%"
"01/07/2016","761.75","771.44","775.08","761.69","2.12B","-3.58%"
"01/06/2016","790.02","782.90","790.74","780.43","1.62B","0.55%"
"01/05/2016","785.72","797.70","799.26","784.37","1.46B","-1.16%"
"01/04/2016","794.95","811.91","812.00","791.95","1.05B","-2.29%"
"12/30/2015","813.55","812.43","818.27","812.08","756.61M","0.22%"
"12/29/2015","811.78","811.59","814.52","805.87","983.04M","-0.44%"
"12/28/2015","815.37","816.45","817.60","811.91","650.21M","0.04%"
"12/25/2015","815.07","817.54","817.77","808.26","784.43M","-0.17%"
"12/24/2015","816.42","819.46","819.72","813.84","1.30B","0.70%"
"12/23/2015","810.78","809.00","811.66","803.82","1.62B","1.07%"
"12/22/2015","802.23","809.74","813.67","798.53","3.11B","0.05%"
"12/21/2015","801.81","803.70","813.32","799.21","2.61B","-1.78%"
"12/18/2015","816.37","829.99","830.32","816.37","2.47B","-2.46%"
"12/17/2015","836.95","827.94","839.10","827.03","1.93B","0.56%"
"12/16/2015","832.29","835.87","839.26","829.72","1.83B","-0.14%"
"12/15/2015","833.49","817.44","833.57","813.17","2.47B","2.82%"
"12/14/2015","810.64","804.11","811.88","796.33","1.55B","-0.98%"
"12/11/2015","818.69","830.94","831.59","816.60","1.22B","-1.46%"
"12/09/2015","830.85","839.59","844.81","829.76","1.14B","-0.79%"
"12/08/2015","837.43","848.60","849.42","837.30","1.51B","-2.14%"
"12/04/2015","855.76","857.04","859.30","853.95","1.24B","-0.66%"
"12/03/2015","861.42","851.84","862.89","849.28","1.65B","0.47%"
"12/02/2015","857.35","869.31","876.20","857.02","1.62B","-1.46%"
"12/01/2015","870.09","872.53","873.51","865.92","1.32B","0.08%"
"11/30/2015","869.38","870.09","878.35","865.15","1.44B","-0.38%"
"11/27/2015","872.72","873.84","876.81","869.59","1.34B","-0.24%"
"11/26/2015","874.82","888.01","889.93","872.94","1.50B","-1.28%"
"11/25/2015","886.19","890.87","893.25","883.38","1.28B","-0.22%"
"11/24/2015","888.18","896.37","899.41","886.96","1.54B","-0.79%"
"11/23/2015","895.29","898.50","900.96","895.29","1.19B","-0.06%"
"11/20/2015","895.84","890.08","897.83","886.81","1.39B","0.82%"
"11/19/2015","888.57","888.93","891.79","885.92","1.96B","0.66%"
"11/18/2015","882.73","893.30","895.74","881.54","1.58B","-1.11%"
"11/17/2015","892.68","898.89","900.28","892.12","1.71B","-0.03%"
"11/16/2015","892.91","879.74","892.91","878.37","1.61B","0.54%"
"11/13/2015","888.10","886.84","891.24","885.27","2.03B","-0.19%"
"11/12/2015","889.79","887.34","892.11","884.34","1.88B","-0.44%"
"11/11/2015","893.76","899.10","901.32","893.76","1.69B","-0.58%"
"11/10/2015","898.99","899.90","903.02","896.50","933.65M","-0.55%"
"11/09/2015","903.93","911.23","912.52","902.28","1.40B","-1.10%"
"11/06/2015","914.02","911.51","915.43","908.91","2.24B","0.08%"
"11/05/2015","913.30","918.70","923.03","912.26","2.08B","-0.90%"
"11/04/2015","921.61","920.05","923.05","917.15","1.28B","0.89%"
"11/03/2015","913.52","920.17","920.47","910.58","1.52B","-0.23%"
"11/02/2015","915.60","900.38","915.60","899.86","901.50M","1.79%"
"10/30/2015","899.52","898.71","904.10","896.81","1.16B","0.20%"
"10/29/2015","897.73","910.26","912.16","896.10","1.77B","-1.44%"
"10/28/2015","910.86","919.43","920.89","909.05","1.70B","-1.15%"
"10/27/2015","921.45","919.24","924.90","917.56","925.62M","0.02%"
"10/26/2015","921.25","924.26","926.64","920.07","1.41B","0.72%"
"10/22/2015","914.68","913.89","915.91","912.25","1.30B","0.04%"
"10/21/2015","914.31","917.44","919.29","910.98","993.01M","-0.15%"
"10/20/2015","915.72","915.05","921.28","914.42","741.61M","-0.12%"
"10/19/2015","916.82","921.07","925.04","913.84","803.32M","-0.31%"
"10/16/2015","919.63","926.62","927.27","917.68","1.73B","-0.42%"
"10/15/2015","923.53","914.88","924.87","914.28","1.62B","1.55%"
"10/14/2015","909.47","914.18","918.16","908.78","1.20B","-0.73%"
"10/13/2015","916.17","916.33","918.29","908.91","1.60B","-0.46%"
"10/12/2015","920.43","923.40","924.89","914.99","1.61B","-0.08%"
"10/09/2015","921.20","917.05","925.41","916.06","2.33B","1.55%"
"10/08/2015","907.17","907.65","915.52","905.42","2.06B","-0.14%"
"10/07/2015","908.45","893.11","908.45","889.61","1.78B","2.29%"
"10/06/2015","888.08","885.24","889.09","881.34","1.47B","0.71%"
"10/05/2015","881.81","874.59","882.14","874.25","1.22B","1.55%"
"10/02/2015","868.39","867.51","871.02","864.13","700.61M","0.13%"
"10/01/2015","867.23","872.13","876.07","866.48","1.23B","-0.17%"
"09/30/2015","868.71","872.15","874.54","867.60","1.31B","0.08%"
"09/29/2015","868.04","865.10","877.75","864.22","1.41B","-0.48%"
"09/28/2015","872.24","882.38","882.93","872.18","1.06B","-2.05%"
"09/25/2015","890.47","889.24","893.79","882.89","1.17B","0.29%"
"09/24/2015","887.90","886.39","890.14","880.46","1.44B","-0.11%"
"09/23/2015","888.90","888.09","892.80","881.31","1.30B","-0.60%"
"09/22/2015","894.23","907.52","908.23","892.45","1.45B","-1.23%"
"09/21/2015","905.38","898.33","907.00","896.20","991.63M","0.24%"
"09/18/2015","903.24","907.38","910.08","900.65","1.63B","-0.14%"
"09/17/2015","904.51","902.17","906.95","899.40","1.12B","0.69%"
"09/16/2015","898.30","893.18","898.30","888.78","1.33B","0.94%"
"09/15/2015","889.97","893.53","896.78","887.44","1.82B","-0.48%"
"09/14/2015","894.25","896.97","898.91","889.17","1.31B","-0.32%"
"09/11/2015","897.13","910.49","913.15","896.87","2.10B","-1.23%"
"09/10/2015","908.29","901.09","908.29","900.04","1.86B","-0.17%"
"09/09/2015","909.87","906.75","911.61","902.54","2.47B","1.36%"
"09/08/2015","897.65","891.31","897.65","882.20","1.30B","0.65%"
"09/07/2015","891.87","889.84","894.04","887.55","1.08B","-0.05%"
"09/04/2015","892.34","897.96","901.12","890.29","1.21B","-1.24%"
"09/03/2015","903.56","901.65","906.35","900.53","1.64B","0.65%"
"09/02/2015","897.69","887.48","898.79","882.88","1.69B","0.99%"
"09/01/2015","888.92","904.05","905.39","888.05","1.47B","-1.85%"
"08/31/2015","905.68","894.15","905.68","890.99","1.26B","1.33%"
"08/28/2015","893.77","899.46","903.70","887.16","1.81B","0.85%"
"08/27/2015","886.24","871.41","887.22","869.28","2.04B","3.38%"
"08/26/2015","857.24","855.16","867.58","855.11","1.90B","-0.50%"
"08/25/2015","861.52","854.39","862.02","838.84","2.37B","2.46%"
"08/24/2015","840.84","861.72","863.75","840.84","2.24B","-5.08%"
"08/21/2015","885.80","884.99","889.08","877.89","1.52B","-0.42%"
"08/20/2015","889.57","890.97","895.94","887.98","1.51B","-0.80%"
"08/19/2015","896.73","896.65","901.03","891.14","1.42B","0.28%"
"08/18/2015","894.25","893.48","904.59","886.16","2.65B","-2.79%"
"08/17/2015","919.88","923.89","927.38","919.88","1.23B","-0.53%"
"08/14/2015","924.79","917.15","926.50","913.35","1.24B","0.66%"
"08/13/2015","918.71","912.21","918.71","901.58","1.82B","0.01%"
"08/11/2015","918.65","929.79","931.84","918.65","812.75M","-1.03%"
"08/10/2015","928.25","929.88","932.32","926.75","888.04M","-0.77%"
"08/07/2015","935.41","936.41","938.83","933.75","569.84M","-0.24%"
"08/06/2015","937.69","942.63","945.07","936.16","617.43M","-0.65%"
"08/05/2015","943.86","946.82","948.71","941.88","1.05B","0.27%"
"08/04/2015","941.36","946.56","946.89","938.16","1.13B","-0.88%"
"08/03/2015","949.76","946.25","949.95","943.10","1.03B","-0.07%"
"07/31/2015","950.42","938.72","950.42","937.94","1.16B","1.80%"
"07/29/2015","933.59","930.71","935.48","921.96","1.41B","0.73%"
"07/28/2015","926.83","930.59","934.40","921.14","1.75B","0.08%"
"07/27/2015","926.10","938.01","939.52","923.35","1.96B","-1.80%"
"07/24/2015","943.07","945.88","946.85","939.91","935.05M","-0.59%"
"07/23/2015","948.67","952.28","956.56","948.67","1.13B","-0.50%"
"07/22/2015","953.40","948.17","954.65","942.07","1.98B","0.12%"
"07/21/2015","952.25","964.92","965.28","948.36","2.02B","-1.24%"
"07/20/2015","964.19","972.73","973.73","963.89","1.00B","-0.86%"
"07/17/2015","972.51","975.34","976.55","969.61","915.46M","-0.18%"
"07/16/2015","974.29","977.60","979.75","969.61","2.23B","-0.25%"
"07/15/2015","976.71","979.21","983.62","976.61","1.09B","-0.06%"
"07/14/2015","977.29","981.56","982.71","976.16","843.94M","-0.31%"
"07/13/2015","980.28","975.47","983.13","973.39","918.02M","0.28%"
"07/10/2015","977.57","975.29","978.15","970.49","1.17B","1.05%"
"07/09/2015","967.42","963.93","971.87","958.50","1.12B","0.29%"
"07/08/2015","964.62","968.63","970.92","962.24","942.69M","-1.09%"
"07/07/2015","975.23","970.38","976.09","968.31","1.12B","0.70%"
"07/06/2015","968.48","971.78","973.35","964.82","1.49B","-1.08%"
"07/03/2015","979.10","979.48","983.51","974.97","1.14B","-0.11%"
"07/02/2015","980.19","989.01","989.41","978.42","1.49B","-0.91%"
"06/30/2015","989.21","995.38","996.61","984.92","1.30B","-0.67%"
"06/29/2015","995.93","987.71","1,000.67","984.90","1.08B","-0.32%"
"06/26/2015","999.11","1,001.34","1,003.92","998.44","844.80M","-0.16%"
"06/25/2015","1,000.75","998.71","1,004.12","995.32","935.11M","0.08%"
"06/24/2015","999.93","991.59","999.93","990.97","1.19B","1.20%"
"06/23/2015","988.05","995.65","996.56","986.88","810.50M","-0.15%"
"06/22/2015","989.51","980.31","994.20","979.81","791.29M","1.11%"
"06/19/2015","978.69","990.33","990.96","976.31","1.21B","-1.25%"
"06/18/2015","991.03","997.97","998.86","989.49","1.45B","-0.59%"
"06/17/2015","996.87","990.97","998.70","988.63","807.78M","0.92%"
"06/16/2015","987.79","987.36","992.27","986.87","620.82M","0.09%"
"06/15/2015","986.87","991.43","991.70","984.30","803.93M","-0.56%"
"06/12/2015","992.39","998.91","999.91","992.04","806.54M","-0.67%"
"06/11/2015","999.10","998.46","1,002.04","995.31","1.88B","0.78%"
"06/10/2015","991.38","984.69","996.13","984.43","767.30M","1.02%"
"06/09/2015","981.38","990.44","991.05","980.94","1.32B","-1.23%"
"06/08/2015","993.57","993.53","996.29","988.53","762.99M","-0.08%"
"06/05/2015","994.33","981.42","995.99","981.23","986.33M","1.27%"
"06/04/2015","981.86","976.77","982.49","969.95","783.46M","0.61%"
"06/03/2015","975.93","975.58","979.97","972.75","759.62M","0.40%"
"06/02/2015","972.01","981.60","983.14","971.92","835.64M","-1.36%"
"05/29/2015","985.37","987.14","990.18","982.78","861.31M","0.02%"
"05/28/2015","985.15","992.13","992.94","980.31","741.37M","-0.63%"
"05/27/2015","991.39","984.86","992.35","980.95","731.92M","0.21%"
"05/26/2015","989.31","995.88","1,000.21","988.88","728.20M","-0.68%"
"05/25/2015","996.05","1,009.58","1,011.17","996.05","552.13M","-1.15%"
"05/22/2015","1,007.68","1,015.03","1,017.93","1,007.48","763.42M","-0.30%"
"05/21/2015","1,010.71","1,008.87","1,013.09","1,007.28","1.08B","0.47%"
"05/20/2015","1,005.98","1,012.51","1,014.66","1,005.73","1.11B","-0.66%"
"05/19/2015","1,012.71","1,003.09","1,014.41","1,003.05","860.96M","1.14%"
"05/18/2015","1,001.25","1,001.13","1,005.37","997.25","559.51M","-0.16%"
"05/15/2015","1,002.83","992.01","1,002.83","990.07","807.95M","0.99%"
"05/14/2015","993.03","994.31","997.24","984.83","988.34M","-0.16%"
"05/13/2015","994.61","992.02","996.28","989.03","1.06B","0.82%"
"05/12/2015","986.51","995.53","997.04","981.55","1.08B","-0.98%"
"05/11/2015","996.27","1,006.05","1,009.07","996.27","958.79M","-0.48%"
"05/08/2015","1,001.04","994.81","1,005.24","989.06","1.49B","1.04%"
"05/07/2015","990.69","999.28","1,005.45","990.69","1.63B","-1.25%"
"05/06/2015","1,003.19","1,008.25","1,010.04","998.01","1.21B","-0.29%"
"04/30/2015","1,006.10","1,002.45","1,009.94","1,001.99","1.18B","0.26%"
"04/29/2015","1,003.48","1,003.15","1,009.51","997.02","1.30B","-0.83%"
"04/28/2015","1,011.87","1,022.94","1,023.25","1,006.89","1.40B","-1.13%"
"04/27/2015","1,023.45","1,030.52","1,033.32","1,021.51","1.06B","-0.48%"
"04/24/2015","1,028.41","1,023.00","1,028.41","1,020.33","834.99M","0.89%"
"04/23/2015","1,019.38","1,027.86","1,032.91","1,017.82","1.29B","-0.51%"
"04/22/2015","1,024.61","1,040.82","1,041.14","1,024.61","1.08B","-1.50%"
"04/21/2015","1,040.23","1,038.40","1,042.31","1,036.62","951.36M","0.63%"
"04/20/2015","1,033.75","1,038.24","1,039.24","1,031.02","1.31B","-0.56%"
"04/17/2015","1,039.53","1,045.69","1,046.62","1,039.53","1.77B","-0.40%"
"04/16/2015","1,043.73","1,035.90","1,043.79","1,031.09","984.07M","1.79%"
"04/10/2015","1,025.38","1,024.94","1,026.56","1,019.45","873.28M","0.17%"
"04/09/2015","1,023.65","1,024.24","1,027.84","1,020.71","638.55M","-0.03%"
"04/08/2015","1,023.97","1,029.90","1,033.19","1,023.92","929.98M","-0.36%"
"04/07/2015","1,027.62","1,024.32","1,032.17","1,022.23","829.59M","1.04%"
"04/03/2015","1,017.08","1,016.82","1,018.42","1,012.88","653.90M","0.18%"
"04/02/2015","1,015.30","1,013.60","1,020.45","1,009.24","1.01B","0.52%"
"04/01/2015","1,010.04","998.13","1,010.13","995.03","965.19M","1.24%"
"03/31/2015","997.66","997.28","1,001.88","993.58","831.54M","0.44%"
"03/30/2015","993.27","998.46","1,000.68","993.12","919.71M","-0.01%"
"03/27/2015","993.33","991.74","995.17","986.78","1.00B","0.05%"
"03/26/2015","992.82","997.76","1,003.01","992.49","1.15B","-0.97%"
"03/25/2015","1,002.56","1,005.46","1,008.78","1,002.56","846.58M","-0.25%"
"03/24/2015","1,005.12","1,005.09","1,005.94","994.65","1.33B","-0.09%"
"03/23/2015","1,006.03","1,015.28","1,017.45","1,004.23","1.42B","-0.46%"
"03/20/2015","1,010.67","1,013.31","1,015.42","1,002.18","1.68B","-0.15%"
"03/19/2015","1,012.18","1,020.44","1,020.44","1,009.63","1.08B","0.12%"
"03/18/2015","1,010.99","998.55","1,012.40","997.30","1.23B","1.36%"
"03/17/2015","997.43","1,003.58","1,005.45","996.87","1.43B","0.10%"
"03/16/2015","996.39","1,006.45","1,007.66","993.95","1.17B","-1.57%"
"03/13/2015","1,012.25","1,016.55","1,020.29","1,010.55","997.08M","-0.17%"
"03/12/2015","1,013.98","1,014.17","1,017.90","1,006.31","1.05B","-0.19%"
"03/11/2015","1,015.94","1,001.88","1,016.07","998.63","1.55B","1.06%"
"03/10/2015","1,005.25","1,027.77","1,029.31","1,005.25","1.19B","-2.12%"
"03/09/2015","1,027.02","1,025.51","1,031.27","1,021.47","1.06B","-0.53%"
"03/06/2015","1,032.49","1,022.24","1,032.49","1,020.59","1.07B","1.02%"
"03/05/2015","1,022.09","1,025.86","1,026.93","1,016.62","1.52B","-0.56%"
"03/03/2015","1,027.89","1,037.64","1,039.39","1,027.89","1.11B","-1.11%"
"03/02/2015","1,039.47","1,043.90","1,045.39","1,033.23","1.45B","-0.32%"
"02/27/2015","1,042.80","1,047.62","1,050.62","1,042.12","1.20B","-0.79%"
"02/26/2015","1,051.10","1,046.05","1,051.10","1,031.37","1.69B","0.51%"
"02/25/2015","1,045.80","1,054.21","1,055.59","1,041.96","2.30B","-0.65%"
"02/24/2015","1,052.61","1,052.26","1,058.17","1,051.00","1.40B","0.26%"
"02/23/2015","1,049.93","1,062.27","1,063.26","1,049.79","1.53B","-0.83%"
"02/20/2015","1,058.77","1,058.77","1,062.73","1,056.27","740.02M","0.22%"
"02/19/2015","1,056.48","1,060.00","1,063.99","1,055.07","923.61M","-0.47%"
"02/18/2015","1,061.45","1,053.00","1,061.94","1,052.55","560.55M","1.01%"
"02/17/2015","1,050.81","1,063.30","1,065.61","1,050.81","742.95M","-1.31%"
"02/16/2015","1,064.75","1,070.37","1,072.49","1,064.69","483.77M","-0.59%"
"02/13/2015","1,071.02","1,072.17","1,074.59","1,067.93","937.10M","0.05%"
"02/12/2015","1,070.50","1,064.51","1,070.50","1,057.99","1.21B","0.55%"
"02/11/2015","1,064.61","1,060.33","1,066.00","1,048.93","1.21B","0.67%"
"02/10/2015","1,057.54","1,062.62","1,066.92","1,056.44","1.06B","-0.59%"
"02/09/2015","1,063.80","1,070.07","1,074.63","1,063.80","1.35B","-0.99%"
"02/06/2015","1,074.39","1,076.10","1,077.04","1,070.60","965.89M","0.28%"
"02/05/2015","1,071.36","1,061.39","1,071.36","1,055.58","1.12B","0.49%"
"02/04/2015","1,066.10","1,080.05","1,082.59","1,066.10","1.68B","-0.26%"
"02/03/2015","1,068.91","1,058.95","1,070.92","1,058.72","1.35B","1.67%"
"02/02/2015","1,051.38","1,047.72","1,053.10","1,043.58","870.12M","0.10%"
"01/30/2015","1,050.29","1,059.76","1,060.92","1,050.18","1.10B","-0.56%"
"01/29/2015","1,056.23","1,061.59","1,067.65","1,052.86","943.23M","-0.54%"
"01/28/2015","1,062.01","1,064.60","1,071.03","1,055.10","883.15M","0.08%"
"01/27/2015","1,061.12","1,062.67","1,073.84","1,058.75","1.39B","-0.17%"
"01/26/2015","1,062.93","1,075.58","1,083.47","1,062.68","1.01B","-0.94%"
"01/23/2015","1,073.00","1,046.98","1,075.19","1,046.40","1.29B","3.26%"
"01/22/2015","1,039.12","1,027.23","1,040.25","1,023.73","1.16B","1.97%"
"01/21/2015","1,019.07","1,020.83","1,022.06","1,013.73","994.26M","0.01%"
"01/20/2015","1,018.99","1,021.97","1,024.53","1,015.64","820.53M","-0.09%"
"01/19/2015","1,019.92","1,013.63","1,020.12","1,010.54","528.17M","1.43%"
"01/16/2015","1,005.51","1,003.45","1,011.44","1,002.71","512.66M","-0.44%"
"01/15/2015","1,009.97","1,015.62","1,020.78","1,008.99","553.09M","-0.10%"
"01/14/2015","1,010.98","1,023.22","1,030.91","1,009.73","744.21M","-0.91%"
"01/13/2015","1,020.22","1,010.05","1,023.08","1,005.37","837.96M","0.08%"
"01/12/2015","1,019.38","1,014.95","1,025.69","1,010.78","803.23M","0.15%"
"01/09/2015","1,017.87","1,018.89","1,019.91","1,013.03","813.37M","0.46%"
"01/08/2015","1,013.24","1,009.68","1,015.52","1,008.11","1.07B","1.52%"
"01/07/2015","998.05","980.88","998.10","980.18","784.32M","1.79%"
"01/06/2015","980.50","974.75","981.66","967.74","1.05B","-0.70%"
"01/05/2015","987.40","1,002.19","1,003.83","986.94","674.13M","-1.36%"
"12/30/2014","1,001.01","1,000.32","1,003.03","991.81","445.48M","-0.04%"
"12/29/2014","1,001.37","1,015.04","1,015.30","996.88","352.61M","-0.91%"
"12/26/2014","1,010.61","1,004.35","1,011.73","995.93","532.39M","0.53%"
"12/25/2014","1,005.28","1,013.66","1,013.81","998.24","575.31M","-1.48%"
"12/24/2014","1,020.37","1,027.45","1,028.93","1,020.27","428.48M","-0.29%"
"12/23/2014","1,023.37","1,025.94","1,030.01","1,018.54","479.18M","-0.47%"
"12/22/2014","1,028.22","1,016.84","1,028.22","1,014.48","520.49M","1.70%"
"12/19/2014","1,011.06","1,020.54","1,021.42","1,003.72","815.95M","-0.21%"
"12/18/2014","1,013.14","1,003.61","1,013.14","1,000.16","925.93M","2.85%"
"12/17/2014","985.06","973.91","990.66","970.66","1.19B","1.37%"
"12/16/2014","971.70","960.62","983.76","944.81","1.79B","-1.79%"
"12/15/2014","989.40","989.18","994.83","912.67","2.42B","-1.79%"
"12/12/2014","1,007.42","1,015.56","1,020.56","1,006.98","968.06M","-1.08%"
"12/11/2014","1,018.38","1,030.09","1,031.78","1,004.02","1.56B","-2.17%"
"12/09/2014","1,040.98","1,053.04","1,054.88","1,038.98","799.05M","-1.40%"
"12/08/2014","1,055.73","1,072.45","1,075.00","1,053.75","920.13M","-1.42%"
"12/04/2014","1,070.99","1,070.18","1,072.93","1,066.81","706.65M","0.19%"
"12/03/2014","1,068.93","1,072.05","1,074.50","1,065.55","636.57M","-0.06%"
"12/02/2014","1,069.54","1,071.57","1,073.54","1,063.34","918.60M","0.05%"
"12/01/2014","1,069.03","1,065.86","1,071.37","1,061.74","940.62M","-0.03%"
"11/28/2014","1,069.36","1,071.15","1,074.21","1,067.20","688.82M","-0.51%"
"11/27/2014","1,074.80","1,071.37","1,076.94","1,069.95","766.88M","0.53%"
"11/26/2014","1,069.11","1,070.18","1,073.79","1,067.43","874.31M","-0.14%"
"11/25/2014","1,070.59","1,063.97","1,070.59","1,059.57","1.16B","0.69%"
"11/24/2014","1,063.21","1,061.67","1,064.97","1,060.02","726.72M","0.70%"
"11/21/2014","1,055.78","1,045.74","1,057.27","1,045.15","1.09B","0.87%"
"11/20/2014","1,046.67","1,055.68","1,056.40","1,045.61","878.66M","-0.68%"
"11/19/2014","1,053.86","1,059.41","1,059.90","1,052.46","481.17M","-0.24%"
"11/18/2014","1,056.37","1,047.53","1,060.80","1,047.12","582.61M","0.96%"
"11/17/2014","1,046.33","1,051.69","1,052.80","1,045.77","454.67M","-0.53%"
"11/14/2014","1,051.87","1,055.88","1,056.64","1,049.96","596.72M","-0.25%"
"11/13/2014","1,054.49","1,042.71","1,054.49","1,039.03","596.41M","1.08%"
"11/12/2014","1,043.18","1,048.01","1,050.83","1,039.75","571.82M","-0.41%"
"11/11/2014","1,047.51","1,044.15","1,050.60","1,040.60","652.85M","0.41%"
"11/10/2014","1,043.22","1,054.14","1,054.77","1,043.14","569.50M","-0.81%"
"11/07/2014","1,051.69","1,056.51","1,057.54","1,048.56","773.21M","-0.17%"
"11/06/2014","1,053.45","1,052.47","1,056.85","1,049.17","660.74M","0.27%"
"11/05/2014","1,050.60","1,056.09","1,057.36","1,046.89","616.98M","-0.54%"
"11/04/2014","1,056.34","1,053.99","1,056.51","1,049.16","688.87M","0.50%"
"11/03/2014","1,051.08","1,058.45","1,058.57","1,047.36","674.10M","-0.20%"
"10/31/2014","1,053.22","1,041.57","1,053.22","1,038.47","648.22M","1.53%"
"10/30/2014","1,037.37","1,037.50","1,041.50","1,034.15","533.48M","0.20%"
"10/29/2014","1,035.26","1,037.47","1,041.58","1,033.68","646.44M","0.34%"
"10/28/2014","1,031.73","1,026.70","1,032.22","1,023.60","784.61M","0.53%"
"10/27/2014","1,026.29","1,023.36","1,026.58","1,019.43","605.64M","0.38%"
"10/24/2014","1,022.37","1,022.54","1,024.69","1,018.31","535.58M","0.39%"
"10/22/2014","1,018.42","1,019.93","1,021.10","1,011.47","641.98M","0.36%"
"10/21/2014","1,014.79","1,016.87","1,017.66","1,010.74","762.79M","0.03%"
"10/20/2014","1,014.52","1,024.06","1,025.02","1,013.66","742.72M","-0.01%"
"10/17/2014","1,014.58","1,014.86","1,018.00","1,009.17","1.03B","0.23%"
"10/16/2014","1,012.23","1,021.91","1,025.45","1,012.23","663.79M","-1.40%"
"10/15/2014","1,026.57","1,030.01","1,034.76","1,026.54","776.16M","-0.17%"
"10/14/2014","1,028.32","1,026.64","1,032.74","1,026.10","764.04M","0.32%"
"10/13/2014","1,025.06","1,028.33","1,031.22","1,023.62","618.39M","-0.96%"
"10/10/2014","1,034.96","1,030.96","1,037.23","1,029.72","615.89M","-0.65%"
"10/09/2014","1,041.70","1,036.89","1,043.12","1,034.21","892.25M","1.22%"
"10/08/2014","1,029.19","1,020.70","1,032.61","1,020.15","898.99M","0.03%"
"10/07/2014","1,028.87","1,033.45","1,037.47","1,025.70","1.17B","-0.24%"
"10/06/2014","1,031.32","1,048.67","1,050.40","1,029.29","1.27B","-1.51%"
"10/03/2014","1,047.12","1,046.52","1,050.31","1,036.05","897.18M","-0.06%"
"10/02/2014","1,047.78","1,054.40","1,058.48","1,043.41","1.15B","-0.95%"
"10/01/2014","1,057.88","1,059.84","1,064.43","1,056.12","1.24B","0.06%"
"09/30/2014","1,057.22","1,056.73","1,062.06","1,053.13","897.41M","0.07%"
"09/29/2014","1,056.50","1,068.82","1,070.00","1,050.84","1.02B","-1.18%"
"09/26/2014","1,069.08","1,062.81","1,069.08","1,062.01","656.28M","0.55%"
"09/25/2014","1,063.18","1,064.92","1,067.88","1,062.53","1.71B","0.04%"
"09/24/2014","1,062.76","1,064.41","1,067.64","1,060.90","1.16B","0.06%"
"09/23/2014","1,062.16","1,063.88","1,066.20","1,058.40","629.91M","0.09%"
"09/22/2014","1,061.18","1,056.51","1,064.28","1,055.20","743.30M","0.35%"
"09/19/2014","1,057.43","1,061.45","1,062.81","1,055.31","1.24B","0.06%"
"09/18/2014","1,056.78","1,052.13","1,057.23","1,050.48","991.35M","0.80%"
"09/17/2014","1,048.39","1,047.67","1,050.89","1,042.67","917.78M","0.46%"
"09/16/2014","1,043.58","1,055.80","1,055.91","1,043.58","822.82M","-0.90%"
"09/15/2014","1,053.01","1,052.74","1,056.72","1,050.39","571.31M","-0.30%"
"09/12/2014","1,056.21","1,058.23","1,059.20","1,047.48","1.22B","0.02%"
"09/11/2014","1,056.05","1,056.68","1,062.37","1,054.63","1.52B","-0.16%"
"09/10/2014","1,057.77","1,053.37","1,060.14","1,046.68","1.55B","-0.07%"
"09/09/2014","1,058.47","1,060.53","1,063.12","1,055.97","1.74B","-0.08%"
"09/08/2014","1,059.30","1,062.71","1,064.22","1,059.13","681.15M","-0.03%"
"09/05/2014","1,059.57","1,058.92","1,061.29","1,055.09","903.91M","0.26%"
"09/04/2014","1,056.87","1,060.10","1,061.91","1,054.58","1.23B","-0.19%"
"09/03/2014","1,058.83","1,051.77","1,060.08","1,049.78","930.59M","1.05%"
"09/02/2014","1,047.85","1,047.88","1,051.42","1,045.47","1.05B","0.16%"
"09/01/2014","1,046.14","1,048.53","1,051.06","1,045.85","828.17M","0.18%"
"08/29/2014","1,044.25","1,040.35","1,047.39","1,039.37","1.09B","-0.01%"
"08/28/2014","1,044.40","1,050.94","1,051.85","1,039.00","773.83M","-0.51%"
"08/27/2014","1,049.71","1,048.74","1,054.11","1,045.64","966.61M","0.34%"
"08/26/2014","1,046.19","1,049.90","1,051.55","1,044.78","710.61M","-0.22%"
"08/25/2014","1,048.53","1,046.93","1,051.48","1,044.37","1.08B","0.48%"
"08/22/2014","1,043.55","1,044.21","1,046.05","1,042.43","1.60B","0.26%"
"08/21/2014","1,040.80","1,040.01","1,044.28","1,038.77","2.05B","-0.07%"
"08/20/2014","1,041.56","1,037.76","1,042.88","1,037.76","1.40B","0.57%"
"08/19/2014","1,035.70","1,041.30","1,042.06","1,035.17","829.05M","0.02%"
"08/18/2014","1,035.54","1,040.19","1,042.36","1,033.03","1.03B","-0.37%"
"08/15/2014","1,039.38","1,037.66","1,042.17","1,031.52","1.49B","0.26%"
"08/14/2014","1,036.64","1,042.71","1,044.40","1,034.20","2.01B","-0.19%"
"08/13/2014","1,038.63","1,026.42","1,039.61","1,025.26","1.68B","1.98%"
"08/08/2014","1,018.47","1,014.45","1,019.85","1,012.44","952.97M","-0.32%"
"08/07/2014","1,021.71","1,022.90","1,023.72","1,014.59","1.32B","0.03%"
"08/06/2014","1,021.42","1,024.42","1,028.51","1,019.99","2.01B","-0.40%"
"08/05/2014","1,025.51","1,021.52","1,028.69","1,019.43","1.39B","0.59%"
"08/04/2014","1,019.45","1,008.42","1,020.58","1,006.19","1.76B","1.41%"
"08/01/2014","1,005.23","997.61","1,007.10","996.70","1.24B","-0.17%"
"07/31/2014","1,006.97","1,015.79","1,022.99","1,005.54","1.29B","-1.22%"
"07/30/2014","1,019.40","1,019.08","1,025.35","1,006.90","1.66B","0.09%"
"07/29/2014","1,018.53","1,030.50","1,034.86","1,016.31","1.15B","-0.95%"
"07/28/2014","1,028.27","1,034.64","1,035.18","1,024.99","1.07B","-0.54%"
"07/25/2014","1,033.82","1,035.21","1,037.05","1,028.82","919.15M","-0.11%"
"07/24/2014","1,034.98","1,036.56","1,036.95","1,031.38","843.88M","0.11%"
"07/23/2014","1,033.86","1,024.79","1,033.86","1,024.00","866.16M","1.39%"
"07/22/2014","1,019.72","1,034.53","1,035.93","1,016.13","1.55B","-1.16%"
"07/21/2014","1,031.65","1,031.97","1,035.70","1,029.40","917.71M","0.14%"
"07/18/2014","1,030.19","1,030.63","1,034.91","1,023.45","1.90B","-0.28%"
"07/17/2014","1,033.07","1,028.14","1,033.07","1,025.53","2.12B","0.34%"
"07/16/2014","1,029.54","1,027.98","1,033.44","1,025.81","1.34B","0.32%"
"07/15/2014","1,026.21","1,032.55","1,032.90","1,023.47","1.30B","-0.34%"
"07/14/2014","1,029.68","1,026.26","1,032.20","1,024.79","1.04B","0.84%"
"07/10/2014","1,021.06","1,017.62","1,022.28","1,016.56","855.64M","0.78%"
"07/09/2014","1,013.12","1,011.87","1,017.30","1,010.68","545.60M","-0.07%"
"07/08/2014","1,013.82","1,011.66","1,017.93","1,011.03","945.04M","0.46%"
"07/07/2014","1,009.18","1,007.27","1,012.04","1,005.40","705.82M","0.55%"
"07/04/2014","1,003.64","1,006.53","1,011.06","1,003.53","1.17B","0.06%"
"07/03/2014","1,002.99","1,002.81","1,005.51","999.16","811.67M","0.05%"
"07/02/2014","1,002.53","1,003.49","1,005.29","998.94","1.08B","0.29%"
"06/30/2014","999.62","1,001.50","1,004.79","997.70","652.01M","0.20%"
"06/27/2014","997.61","994.70","1,003.08","988.63","568.19M","0.50%"
"06/26/2014","992.67","988.73","993.48","988.01","637.48M","0.69%"
"06/25/2014","985.87","981.21","986.83","978.49","853.94M","0.62%"
"06/24/2014","979.83","983.76","984.13","974.54","762.30M","-0.60%"
"06/23/2014","985.71","987.69","989.69","983.61","705.74M","0.09%"
"06/20/2014","984.82","983.66","985.87","979.17","810.22M","0.32%"
"06/19/2014","981.66","977.76","982.71","970.36","1.19B","0.71%"
"06/18/2014","974.78","988.20","989.36","972.91","959.21M","-1.36%"
"06/17/2014","988.25","992.14","993.80","986.38","1.08B","-0.18%"
"06/16/2014","990.03","980.89","992.17","980.82","609.64M","1.24%"
"06/13/2014","977.89","978.17","983.84","976.25","1.15B","-0.14%"
"06/12/2014","979.28","983.49","987.60","979.28","1.06B","-0.64%"
"06/11/2014","985.56","990.05","990.67","979.59","2.32B","-0.51%"
"06/10/2014","990.66","979.30","990.98","976.04","2.49B","0.87%"
"06/09/2014","982.07","988.24","988.96","979.54","743.79M","-0.16%"
"06/06/2014","983.64","986.46","987.31","980.89","973.34M","0.36%"
"06/05/2014","980.11","981.65","982.50","974.12","802.19M","0.18%"
"06/04/2014","978.32","983.54","985.16","976.92","1.16B","-0.38%"
"06/03/2014","982.07","982.48","984.60","975.77","1.47B","1.06%"
"06/02/2014","971.73","958.66","972.53","957.87","1.60B","2.05%"
"05/30/2014","952.20","951.43","955.98","950.52","1.35B","0.37%"
"05/29/2014","948.66","946.16","952.54","945.51","840.39M","0.38%"
"05/28/2014","945.08","943.07","950.01","942.01","1.11B","0.75%"
"05/27/2014","938.09","939.21","941.94","933.77","1.04B","0.11%"
"05/26/2014","937.07","944.18","944.41","931.43","819.46M","-0.75%"
"05/23/2014","944.13","931.99","944.67","930.44","1.10B","-0.68%"
"05/22/2014","950.59","955.47","959.47","948.62","876.25M","0.01%"
"05/21/2014","950.46","945.65","953.60","944.58","678.55M","0.42%"
"05/20/2014","946.50","947.49","951.49","942.29","857.26M","-1.33%"
"05/19/2014","959.26","955.03","959.34","953.71","426.67M","0.39%"
"05/16/2014","955.52","943.04","957.89","941.85","996.21M","0.91%"
"05/15/2014","946.88","945.45","948.08","940.88","911.75M","0.01%"
"05/14/2014","946.78","936.95","946.90","936.89","1.08B","1.51%"
"05/12/2014","932.70","934.86","936.89","930.00","540.04M","-0.29%"
"05/09/2014","935.41","933.75","940.30","930.44","688.33M","0.00%"
"05/08/2014","935.41","948.93","950.43","934.56","926.55M","-1.69%"
"05/07/2014","951.52","943.08","952.40","940.57","1.01B","-0.13%"
"05/06/2014","952.73","966.21","968.39","952.67","867.51M","-1.21%"
"05/02/2014","964.36","960.73","964.71","959.89","899.71M","0.51%"
"04/30/2014","959.51","958.06","962.75","956.93","609.37M","0.31%"
"04/29/2014","956.51","954.06","958.54","950.91","441.42M","0.03%"
"04/28/2014","956.25","954.61","960.96","954.31","540.70M","0.30%"
"04/25/2014","953.36","961.65","964.63","953.36","1.06B","-1.19%"
"04/24/2014","964.83","967.25","968.30","962.66","820.91M","-0.17%"
"04/23/2014","966.50","963.94","968.43","963.15","647.27M","0.55%"
"04/22/2014","961.20","963.42","964.82","956.14","684.81M","0.10%"
"04/21/2014","960.25","957.66","963.24","954.71","536.06M","0.32%"
"04/18/2014","957.17","958.81","961.80","956.19","909.66M","-0.01%"
"04/17/2014","957.23","952.11","959.99","951.45","901.35M","0.48%"
"04/16/2014","952.63","944.14","953.47","943.54","547.87M","0.97%"
"04/11/2014","943.45","939.39","943.69","937.28","461.57M","-0.06%"
"04/10/2014","944.06","940.25","944.26","936.04","560.77M","0.61%"
"04/09/2014","938.35","940.45","944.65","936.59","497.48M","0.15%"
"04/08/2014","936.94","947.20","952.75","936.64","738.04M","-1.01%"
"04/04/2014","946.53","946.84","951.17","943.48","624.55M","0.04%"
"04/03/2014","946.18","949.39","951.58","943.37","784.25M","-0.47%"
"04/02/2014","950.66","945.72","951.42","941.25","862.70M","0.71%"
"04/01/2014","943.93","936.78","943.93","933.96","654.15M","0.87%"
"03/31/2014","935.76","933.64","937.00","931.22","559.20M","0.64%"
"03/28/2014","929.84","919.48","937.38","918.70","833.96M","1.17%"
"03/27/2014","919.06","922.49","925.84","917.51","485.27M","-0.26%"
"03/26/2014","921.49","920.34","923.76","918.45","599.06M","0.45%"
"03/25/2014","917.34","913.68","917.37","906.28","712.86M","0.55%"
"03/24/2014","912.35","918.70","919.06","910.51","907.48M","-0.76%"
"03/21/2014","919.32","920.80","921.76","913.30","1.12B","-0.10%"
"03/20/2014","920.22","917.35","920.22","912.26","957.51M","-0.28%"
"03/19/2014","922.81","930.98","935.30","919.88","1.10B","-0.64%"
"03/18/2014","928.80","933.47","934.71","928.12","1.02B","-0.32%"
"03/17/2014","931.77","929.16","931.77","923.51","731.53M","0.40%"
"03/14/2014","928.10","923.27","928.21","920.23","907.25M","-0.08%"
"03/13/2014","928.86","921.77","928.86","921.36","1.29B","1.22%"
"03/12/2014","917.68","920.08","924.48","917.54","673.17M","-0.68%"
"03/11/2014","923.94","915.62","925.47","914.71","1.05B","1.28%"
"03/10/2014","912.28","915.91","917.59","904.55","975.16M","-0.51%"
"03/07/2014","916.97","917.98","920.28","914.15","624.76M","0.10%"
"03/06/2014","916.04","917.85","918.28","912.71","970.81M","-0.17%"
"03/05/2014","917.59","920.53","922.54","911.43","894.09M","0.40%"
"03/04/2014","913.94","913.67","918.15","912.63","696.12M","0.44%"
"03/03/2014","909.96","903.53","915.81","903.32","1.11B","1.16%"
"02/28/2014","899.51","893.98","900.77","890.37","688.15M","0.60%"
"02/27/2014","894.16","884.79","896.74","884.00","711.77M","1.20%"
"02/26/2014","883.56","883.58","887.64","881.68","492.67M","0.05%"
"02/25/2014","883.16","884.89","890.31","879.63","550.71M","0.18%"
"02/24/2014","881.56","878.83","884.11","875.33","517.05M","-0.17%"
"02/21/2014","883.06","883.32","887.35","876.06","593.83M","-0.03%"
"02/20/2014","883.30","890.78","893.31","880.72","934.11M","-1.51%"
"02/19/2014","896.85","905.33","906.32","894.73","884.52M","-0.47%"
"02/18/2014","901.09","902.20","904.07","893.05","1.05B","-0.57%"
"02/17/2014","906.24","895.41","906.82","893.10","1.15B","1.82%"
"02/13/2014","890.01","892.36","894.52","887.44","908.58M","-0.29%"
"02/12/2014","892.57","881.34","892.85","880.19","883.91M","1.53%"
"02/11/2014","879.09","876.78","881.78","872.38","684.47M","0.48%"
"02/10/2014","874.88","882.98","884.75","872.85","902.10M","-0.55%"
"02/07/2014","879.69","884.09","886.82","878.81","1.16B","0.16%"
"02/06/2014","878.27","874.33","878.55","870.72","951.21M","1.29%"
"02/05/2014","867.11","869.99","873.18","860.83","747.80M","0.22%"
"02/04/2014","865.23","869.97","871.46","863.07","783.83M","-1.65%"
"02/03/2014","879.72","872.84","881.92","871.60","819.46M","1.54%"
"01/31/2014","866.34","860.79","866.56","860.11","648.08M","1.03%"
"01/30/2014","857.50","857.09","860.67","852.59","554.00M","-0.71%"
"01/29/2014","863.61","867.26","870.86","861.05","672.50M","-0.18%"
"01/28/2014","865.18","877.11","878.00","861.99","930.08M","-1.52%"
"01/27/2014","878.55","884.29","885.93","877.50","793.47M","-2.26%"
"01/24/2014","898.88","898.91","903.86","892.58","1.18B","0.53%"
"01/23/2014","894.11","881.05","897.30","877.37","1.36B","1.65%"
"01/22/2014","879.59","872.89","884.16","871.11","1.05B","-0.14%"
"01/21/2014","880.84","883.37","890.70","874.45","973.17M","0.20%"
"01/20/2014","879.05","879.66","885.32","877.28","611.78M","-0.55%"
"01/17/2014","883.94","890.86","891.70","876.50","1.20B","-0.46%"
"01/16/2014","888.02","874.18","891.94","873.16","1.53B","1.95%"
"01/15/2014","871.02","885.12","889.09","870.00","1.03B","-1.90%"
"01/14/2014","887.93","874.54","892.46","872.68","1.37B","0.82%"
"01/13/2014","880.70","849.36","880.70","849.21","986.56M","2.62%"
"01/10/2014","858.25","850.59","861.79","845.18","718.61M","-0.20%"
"01/09/2014","860.00","864.58","875.56","856.62","919.86M","0.08%"
"01/08/2014","859.35","861.40","871.47","854.50","1.15B","-0.26%"
"01/07/2014","861.63","842.15","861.71","840.12","1.13B","2.86%"
"01/06/2014","837.68","829.46","838.87","815.56","1.21B","0.94%"
"01/03/2014","829.89","822.27","837.38","816.50","1.32B","-0.41%"
"01/02/2014","833.29","878.09","878.80","833.29","1.15B","-5.67%"
"12/27/2013","883.40","888.91","889.61","875.17","1.15B","-0.90%"
"12/26/2013","891.45","910.28","910.83","886.22","889.22M","-2.00%"
"12/25/2013","909.60","906.41","910.11","904.77","477.40M","0.47%"
"12/24/2013","905.31","900.86","911.42","900.10","585.01M","0.08%"
"12/23/2013","904.57","916.16","917.11","901.41","668.91M","-1.34%"
"12/20/2013","916.83","918.72","919.22","907.92","676.35M","-0.28%"
"12/19/2013","919.45","922.46","925.26","916.50","848.00M","-0.31%"
"12/18/2013","922.32","915.51","925.25","914.71","827.88M","1.14%"
"12/17/2013","911.88","910.16","914.24","908.74","885.39M","0.81%"
"12/16/2013","904.51","909.99","911.11","902.11","709.67M","-0.92%"
"12/13/2013","912.95","923.87","926.03","909.99","901.93M","-1.31%"
"12/12/2013","925.03","931.54","934.96","925.03","986.67M","-1.15%"
"12/11/2013","935.79","929.81","937.28","929.39","638.42M","0.16%"
"12/09/2013","934.34","935.98","942.05","925.08","910.34M","0.58%"
"12/06/2013","928.98","936.76","939.51","923.10","1.02B","-1.11%"
"12/04/2013","939.42","943.32","949.81","939.42","783.81M","-0.68%"
"12/03/2013","945.88","938.24","952.77","937.46","1.55B","0.75%"
"12/02/2013","938.80","926.74","939.59","921.06","1.16B","0.38%"
"11/29/2013","935.22","924.34","935.83","920.70","936.70M","0.86%"
"11/28/2013","927.29","940.56","942.25","924.82","1.08B","-1.09%"
"11/27/2013","937.53","924.96","938.51","924.04","1.37B","1.08%"
"11/26/2013","927.55","919.54","934.71","918.07","2.66B","0.46%"
"11/25/2013","923.30","918.12","928.66","917.24","894.31M","-0.41%"
"11/22/2013","927.07","937.53","941.76","924.63","1.29B","-1.42%"
"11/21/2013","940.41","952.46","953.20","939.04","1.22B","-2.11%"
"11/20/2013","960.66","967.93","972.68","957.31","1.51B","-0.56%"
"11/19/2013","966.06","972.29","972.80","963.46","688.95M","-0.83%"
"11/18/2013","974.16","977.78","978.68","972.34","971.91M","0.32%"
"11/15/2013","971.07","973.12","975.49","965.77","968.12M","0.50%"
"11/14/2013","966.27","962.46","971.11","961.87","1.06B","0.92%"
"11/13/2013","957.50","958.74","965.89","956.86","778.58M","-0.87%"
"11/12/2013","965.95","970.04","974.20","963.65","913.32M","0.37%"
"11/11/2013","962.39","944.72","964.47","941.84","1.15B","0.18%"
"11/08/2013","960.68","968.54","968.95","955.22","1.39B","-1.57%"
"11/07/2013","975.97","980.49","986.31","971.77","1.58B","-0.68%"
"11/06/2013","982.61","969.80","983.65","962.40","1.44B","1.57%"
"11/05/2013","967.41","954.97","969.49","954.25","1.51B","1.85%"
"11/04/2013","949.84","965.43","965.78","949.11","1.32B","-2.81%"
"11/01/2013","977.27","977.54","980.08","971.46","1.11B","-0.99%"
"10/31/2013","987.06","971.42","987.06","968.53","1.87B","1.02%"
"10/30/2013","977.09","993.21","993.72","973.87","1.25B","-1.59%"
"10/29/2013","992.83","988.16","993.63","985.33","772.83M","0.43%"
"10/28/2013","988.57","995.08","998.55","984.47","623.54M","-0.35%"
"10/25/2013","992.01","999.47","999.77","989.83","1.04B","-0.93%"
"10/24/2013","1,001.30","986.34","1,001.30","984.68","1.02B","0.66%"
"10/22/2013","994.70","987.13","994.70","981.17","1.27B","0.63%"
"10/21/2013","988.50","1,013.57","1,014.28","986.25","1.50B","-2.56%"
"10/18/2013","1,014.42","1,008.58","1,014.87","1,003.93","1.31B","1.15%"
"10/17/2013","1,002.85","1,003.47","1,011.19","997.75","2.77B","0.33%"
"10/16/2013","999.59","1,005.22","1,010.44","999.59","2.32B","-0.70%"
"10/15/2013","1,006.65","1,004.08","1,009.38","1,001.28","1.73B","0.94%"
"10/14/2013","997.23","990.16","998.42","984.19","2.16B","0.12%"
"10/11/2013","996.01","1,004.42","1,005.07","992.88","1.29B","0.41%"
"10/10/2013","991.92","981.20","995.00","979.84","1.35B","1.32%"
"10/09/2013","979.02","979.87","980.75","973.30","906.23M","0.05%"
"10/08/2013","978.53","962.91","981.54","959.79","1.09B","1.63%"
"10/07/2013","962.87","970.57","976.52","962.30","1.38B","-1.05%"
"10/04/2013","973.12","969.80","975.84","966.29","953.95M","-0.16%"
"10/03/2013","974.66","966.44","977.89","965.92","1.29B","1.60%"
"10/02/2013","959.29","960.43","964.70","953.55","709.23M","-0.04%"
"10/01/2013","959.71","945.59","962.34","939.43","1.06B","2.00%"
"09/30/2013","940.88","953.89","954.31","939.86","881.94M","-2.75%"
"09/27/2013","967.51","979.30","981.39","964.39","857.70M","-0.58%"
"09/26/2013","973.13","973.21","985.46","972.51","1.00B","-1.00%"
"09/25/2013","982.96","971.00","982.96","964.59","1.09B","1.47%"
"09/24/2013","968.70","979.03","986.31","967.53","1.29B","-1.47%"
"09/23/2013","983.20","1,006.56","1,007.03","979.86","1.57B","-3.35%"
"09/20/2013","1,017.30","1,014.36","1,018.72","1,008.02","1.77B","-0.18%"
"09/19/2013","1,019.09","1,017.26","1,023.56","1,012.11","2.33B","3.73%"
"09/18/2013","982.43","987.38","993.04","977.35","1.54B","-0.62%"
"09/17/2013","988.56","988.25","992.52","982.14","1.60B","-0.08%"
"09/16/2013","989.37","979.25","989.53","978.52","2.33B","3.36%"
"09/13/2013","957.25","949.98","968.34","948.80","1.67B","0.06%"
"09/12/2013","956.70","971.36","977.18","956.70","1.38B","-1.39%"
"09/11/2013","970.21","958.41","970.42","946.86","1.69B","1.30%"
"09/10/2013","957.77","958.49","972.79","950.23","3.17B","0.67%"
"09/09/2013","951.35","927.07","951.35","926.11","1.46B","4.14%"
"09/06/2013","913.56","898.14","914.73","895.61","947.78M","1.81%"
"09/05/2013","897.31","893.49","906.88","891.07","1.04B","0.90%"
"09/04/2013","889.33","894.57","900.52","887.77","968.68M","-0.98%"
"09/03/2013","898.13","902.41","910.35","894.81","1.37B","-0.59%"
"09/02/2013","903.50","886.37","903.50","883.75","1.44B","2.32%"
"08/30/2013","882.98","891.07","891.51","876.91","1.25B","-0.24%"
"08/29/2013","885.07","878.46","886.76","870.93","1.38B","1.31%"
"08/28/2013","873.62","869.63","888.00","861.97","2.38B","-1.16%"
"08/27/2013","883.90","897.88","898.94","880.72","1.85B","-2.17%"
"08/26/2013","903.47","916.89","922.14","902.92","1.46B","-0.61%"
"08/23/2013","908.97","932.17","933.35","908.58","2.23B","-1.18%"
"08/22/2013","919.82","908.93","922.74","898.52","2.19B","0.11%"
"08/21/2013","918.82","919.68","932.88","917.99","1.96B","-1.36%"
"08/20/2013","931.47","934.72","935.88","917.10","2.09B","-1.71%"
"08/19/2013","947.70","974.73","975.58","947.70","1.54B","-3.40%"
"08/16/2013","981.08","978.05","986.18","977.47","1.32B","-0.58%"
"08/15/2013","986.83","991.22","993.37","982.93","1.11B","-0.62%"
"08/14/2013","992.98","987.88","993.13","985.17","932.69M","0.32%"
"08/13/2013","989.86","977.87","989.86","976.77","1.23B","2.08%"
"08/09/2013","969.70","982.35","982.59","969.07","875.68M","-1.45%"
"08/08/2013","983.96","979.25","990.36","978.60","1.07B","1.18%"
"08/07/2013","972.45","966.20","977.10","963.85","901.08M","-0.09%"
"08/06/2013","973.34","960.71","981.92","958.45","895.43M","0.32%"
"08/05/2013","970.19","963.99","973.03","956.15","685.27M","0.33%"
"08/02/2013","966.98","979.06","980.66","956.64","1.32B","-1.07%"
"08/01/2013","977.47","977.00","982.59","967.23","864.12M","1.18%"
"07/31/2013","966.03","972.71","973.39","950.19","1.25B","-0.60%"
"07/30/2013","971.85","989.77","994.44","971.42","802.95M","-1.45%"
"07/29/2013","986.13","991.43","992.46","983.72","921.98M","-1.68%"
"07/26/2013","1,002.93","991.02","1,002.93","979.99","1.20B","1.57%"
"07/25/2013","987.42","1,012.12","1,013.16","987.38","1.69B","-2.99%"
"07/24/2013","1,017.90","1,026.00","1,030.20","1,014.77","1.43B","-0.92%"
"07/23/2013","1,027.39","1,019.60","1,027.39","1,015.78","1.33B","2.23%"
"07/19/2013","1,004.94","1,011.56","1,011.68","1,000.50","1.30B","-0.55%"
"07/18/2013","1,010.46","995.60","1,011.41","994.48","1.32B","1.92%"
"07/17/2013","991.41","991.46","995.97","986.21","873.10M","0.50%"
"07/16/2013","986.45","987.71","990.11","975.11","964.17M","-0.36%"
"07/15/2013","989.99","999.20","999.53","986.02","1.05B","-0.16%"
"07/12/2013","991.60","993.97","997.49","984.00","1.12B","0.24%"
"07/11/2013","989.22","962.41","989.22","961.68","1.51B","4.50%"
"07/10/2013","946.66","951.65","955.69","936.62","1.48B","-0.26%"
"07/09/2013","949.11","954.46","963.50","948.47","1.51B","-0.32%"
"07/08/2013","952.19","965.50","970.15","952.14","1.20B","-2.59%"
"07/05/2013","977.53","978.22","980.64","969.26","892.18M","0.88%"
"07/04/2013","969.00","981.96","984.40","964.01","1.66B","-0.82%"
"07/03/2013","977.00","984.84","992.06","969.35","1.40B","-1.51%"
"07/02/2013","992.00","992.28","1,000.20","983.65","1.14B","0.92%"
"06/28/2013","982.99","992.16","994.32","978.22","1.28B","0.41%"
"06/27/2013","978.96","981.25","989.45","958.05","1.45B","1.77%"
"06/26/2013","961.98","945.77","963.07","937.81","1.48B","2.97%"
"06/25/2013","934.24","923.73","941.53","899.82","1.57B","1.93%"
"06/24/2013","916.55","932.75","943.78","916.55","1.03B","-2.56%"
"06/21/2013","940.65","921.76","945.86","907.93","1.90B","0.34%"
"06/20/2013","937.44","932.01","944.24","927.56","1.34B","-2.38%"
"06/19/2013","960.32","962.23","966.10","942.30","1.12B","1.03%"
"06/18/2013","950.53","980.64","997.14","950.53","1.23B","-3.22%"
"06/17/2013","982.16","982.57","985.27","966.77","897.27M","0.34%"
"06/14/2013","978.87","964.89","979.08","962.14","1.50B","4.33%"
"06/13/2013","938.26","917.91","944.58","903.24","2.16B","-1.33%"
"06/12/2013","950.87","950.74","969.52","942.50","1.43B","-1.23%"
"06/11/2013","962.73","1,006.40","1,006.81","958.82","1.34B","-5.08%"
"06/10/2013","1,014.27","1,018.07","1,023.03","1,012.23","639.05M","0.68%"
"06/07/2013","1,007.39","985.30","1,008.31","984.49","1.47B","1.86%"
"06/06/2013","989.00","997.20","999.82","983.87","2.07B","-1.66%"
"06/05/2013","1,005.65","1,022.27","1,024.18","1,005.65","993.34M","-2.26%"
"06/04/2013","1,028.91","1,019.41","1,029.97","1,005.27","1.22B","1.33%"
"06/03/2013","1,015.37","1,025.82","1,032.75","1,012.13","1.31B","-1.33%"
"05/31/2013","1,029.01","1,049.86","1,054.27","1,024.14","1.82B","-1.47%"
"05/30/2013","1,044.40","1,048.90","1,056.26","1,041.47","1.06B","-1.34%"
"05/29/2013","1,058.59","1,070.85","1,075.93","1,056.93","1.24B","-1.30%"
"05/28/2013","1,072.57","1,053.45","1,072.57","1,052.52","1.13B","1.81%"
"05/27/2013","1,053.50","1,057.67","1,058.02","1,047.82","1.20B","-1.03%"
"05/23/2013","1,064.49","1,075.66","1,079.68","1,048.25","1.79B","-1.59%"
"05/22/2013","1,081.69","1,089.41","1,094.60","1,081.20","1.47B","-0.87%"
"05/21/2013","1,091.20","1,093.31","1,096.29","1,088.24","1.05B","-0.10%"
"05/20/2013","1,092.27","1,086.04","1,094.62","1,085.41","1.06B","1.16%"
"05/17/2013","1,079.78","1,070.43","1,083.13","1,067.09","939.57M","0.64%"
"05/16/2013","1,072.89","1,083.05","1,084.81","1,067.90","1.22B","-0.76%"
"05/15/2013","1,081.13","1,080.46","1,084.09","1,078.51","882.81M","0.63%"
"05/14/2013","1,074.35","1,073.30","1,079.77","1,072.37","927.67M","0.25%"
"05/13/2013","1,071.68","1,074.94","1,077.93","1,065.12","902.80M","-0.41%"
"05/10/2013","1,076.13","1,076.64","1,079.54","1,070.14","958.69M","0.02%"
"05/09/2013","1,075.95","1,073.77","1,079.77","1,067.70","1.20B","0.46%"
"05/08/2013","1,071.05","1,066.68","1,076.58","1,064.76","1.09B","0.91%"
"05/07/2013","1,061.37","1,049.43","1,061.37","1,038.83","909.32M","1.79%"
"05/03/2013","1,042.70","1,054.92","1,056.83","1,040.99","1.11B","-0.74%"
"05/02/2013","1,050.48","1,058.74","1,059.98","1,049.64","1.22B","-0.49%"
"04/30/2013","1,055.62","1,051.99","1,055.62","1,046.08","903.80M","0.91%"
"04/29/2013","1,046.12","1,049.61","1,051.96","1,039.44","1.07B","0.12%"
"04/26/2013","1,044.82","1,044.99","1,048.69","1,039.59","868.72M","0.52%"
"04/25/2013","1,039.46","1,026.64","1,040.12","1,025.54","1.10B","1.42%"
"04/24/2013","1,024.94","1,026.00","1,029.32","1,021.68","1.22B","0.37%"
"04/23/2013","1,021.18","1,025.61","1,031.38","1,018.81","1.01B","-0.66%"
"04/22/2013","1,027.92","1,027.66","1,028.66","1,017.66","1.14B","0.94%"
"04/19/2013","1,018.36","1,012.14","1,022.82","1,009.19","1.16B","0.94%"
"04/18/2013","1,008.83","1,003.23","1,009.05","994.49","894.84M","0.51%"
"04/17/2013","1,003.73","1,005.11","1,015.62","1,001.27","1.07B","-0.37%"
"04/12/2013","1,007.45","1,003.52","1,010.60","999.42","633.09M","0.54%"
"04/11/2013","1,002.02","991.67","1,002.08","984.55","808.00M","1.75%"
"04/10/2013","984.77","975.04","984.77","962.05","748.34M","1.38%"
"04/09/2013","971.41","985.86","986.63","968.90","661.34M","-1.13%"
"04/05/2013","982.48","1,000.06","1,001.92","980.14","915.02M","-2.79%"
"04/04/2013","1,010.71","982.66","1,010.71","980.91","1.13B","0.60%"
"04/03/2013","1,004.67","1,027.22","1,030.26","1,003.40","1.12B","-1.69%"
"04/02/2013","1,021.89","1,020.00","1,024.49","1,012.04","780.04M","0.45%"
"04/01/2013","1,017.35","1,024.99","1,025.31","1,016.90","642.38M","-0.74%"
"03/29/2013","1,024.92","1,021.29","1,029.33","1,020.78","1.01B","0.98%"
"03/28/2013","1,014.98","1,022.91","1,025.95","1,012.06","1.56B","-1.07%"
"03/27/2013","1,025.96","1,021.61","1,032.72","1,020.81","1.11B","0.98%"
"03/26/2013","1,015.99","1,002.53","1,018.49","997.63","1.28B","1.35%"
"03/25/2013","1,002.43","987.29","1,004.66","984.44","1.30B","2.60%"
"03/22/2013","977.04","1,003.43","1,007.47","971.25","2.87B","-3.08%"
"03/21/2013","1,008.14","1,018.36","1,019.66","1,005.11","1.80B","-0.77%"
"03/20/2013","1,016.01","1,029.96","1,030.86","1,012.07","2.09B","-1.30%"
"03/19/2013","1,029.44","1,045.86","1,047.64","1,021.25","2.22B","-1.14%"
"03/18/2013","1,041.27","1,038.18","1,043.78","1,037.04","1.61B","-0.38%"
"03/15/2013","1,045.26","1,044.45","1,046.88","1,040.68","2.06B","0.69%"
"03/14/2013","1,038.12","1,031.59","1,038.59","1,028.59","1.32B","0.46%"
"03/13/2013","1,033.34","1,033.34","1,035.80","1,027.74","1.06B","0.06%"
"03/12/2013","1,032.74","1,035.11","1,037.14","1,028.02","1.39B","0.04%"
"03/11/2013","1,032.33","1,029.98","1,035.21","1,027.51","1.82B","0.64%"
"03/08/2013","1,025.72","1,029.83","1,031.31","1,022.68","1.55B","0.30%"
"03/07/2013","1,022.64","1,024.64","1,025.61","1,018.73","1.61B","-0.15%"
"03/06/2013","1,024.14","1,025.15","1,026.51","1,020.77","996.00M","0.51%"
"03/05/2013","1,018.94","1,021.47","1,023.53","1,016.49","1.27B","0.47%"
"03/04/2013","1,014.20","1,013.80","1,016.38","1,007.79","1.11B","0.10%"
"03/01/2013","1,013.15","1,015.48","1,020.35","1,010.77","995.98M","-0.09%"
"02/28/2013","1,014.03","1,002.02","1,014.03","996.91","1.24B","1.98%"
"02/27/2013","994.37","1,007.75","1,009.74","994.37","981.14M","-1.03%"
"02/26/2013","1,004.67","1,011.98","1,012.78","999.94","1.23B","-0.94%"
"02/22/2013","1,014.25","1,006.06","1,016.86","1,005.19","1.34B","0.71%"
"02/21/2013","1,007.13","1,013.92","1,016.08","1,005.62","977.85M","-1.36%"
"02/20/2013","1,021.05","1,016.16","1,021.59","1,013.48","897.89M","0.96%"
"02/19/2013","1,011.33","1,007.87","1,013.12","1,005.52","929.55M","0.65%"
"02/18/2013","1,004.82","1,006.91","1,010.21","1,003.58","1.03B","-0.12%"
"02/15/2013","1,006.06","1,009.92","1,011.09","1,001.91","1.40B","-0.63%"
"02/14/2013","1,012.43","1,009.80","1,013.06","1,005.25","1.28B","0.83%"
"02/13/2013","1,004.05","989.51","1,004.14","989.46","1.84B","2.07%"
"02/12/2013","983.68","984.54","990.07","982.12","1.27B","-0.25%"
"02/11/2013","986.18","997.75","998.59","986.18","1.02B","-0.98%"
"02/08/2013","995.90","999.08","1,005.56","994.68","1.82B","-0.40%"
"02/07/2013","999.93","997.95","1,002.63","988.59","958.31M","-0.11%"
"02/06/2013","1,001.02","1,008.47","1,009.72","1,000.04","1.18B","-0.68%"
"02/05/2013","1,007.88","1,000.90","1,010.86","999.98","949.98M","-0.14%"
"02/04/2013","1,009.27","1,011.58","1,014.12","1,006.84","1.49B","0.42%"
"02/01/2013","1,005.09","993.32","1,005.52","992.01","1.55B","1.71%"
"01/31/2013","988.21","997.22","1,000.59","985.87","2.16B","-1.20%"
"01/30/2013","1,000.25","993.40","1,001.97","990.14","1.89B","1.04%"
"01/29/2013","989.92","986.83","990.78","982.43","2.27B","0.55%"
"01/28/2013","984.52","981.33","985.48","978.37","2.17B","0.72%"
"01/25/2013","977.53","971.13","978.99","970.08","1.81B","0.80%"
"01/24/2013","969.81","970.42","972.30","963.15","1.74B","0.47%"
"01/23/2013","965.24","965.32","967.66","953.40","1.51B","0.52%"
"01/22/2013","960.22","963.89","971.50","959.85","1.36B","-0.30%"
"01/21/2013","963.10","964.34","965.65","958.53","1.82B","0.37%"
"01/18/2013","959.56","955.26","961.12","953.87","1.67B","1.02%"
"01/17/2013","949.84","950.19","950.90","941.43","1.08B","0.33%"
"01/16/2013","946.73","954.92","955.92","944.20","859.09M","-0.74%"
"01/15/2013","953.81","961.60","962.35","949.90","1.20B","-0.36%"
"01/14/2013","957.21","953.57","958.84","950.61","1.79B","0.75%"
"01/11/2013","950.08","947.76","950.08","935.99","1.13B","0.31%"
"01/10/2013","947.10","961.32","963.35","945.57","1.72B","-1.29%"
"01/09/2013","959.45","960.62","964.79","959.15","1.37B","0.30%"
"01/08/2013","956.61","955.62","960.48","950.65","1.11B","0.05%"
"01/07/2013","956.17","963.14","964.01","956.17","902.70M","-0.23%"
"01/04/2013","958.42","950.42","958.42","946.31","1.39B","0.56%"
"01/03/2013","953.05","957.06","959.26","951.83","1.23B","-0.14%"
"01/02/2013","954.41","952.24","958.80","951.73","940.88M","0.95%"
"12/28/2012","945.39","954.69","955.60","945.39","710.47M","-0.62%"
"12/27/2012","951.29","941.13","952.79","940.35","717.19M","1.27%"
"12/26/2012","939.36","937.81","941.69","936.58","605.13M","0.21%"
"12/25/2012","937.42","935.07","937.90","934.19","841.28M","0.18%"
"12/24/2012","935.73","933.75","935.73","930.58","493.99M","0.16%"
"12/21/2012","934.21","932.63","936.13","930.26","470.37M","-0.35%"
"12/20/2012","937.52","937.83","939.64","933.07","597.09M","-0.13%"
"12/19/2012","938.71","932.13","939.03","929.89","660.55M","1.26%"
"12/18/2012","927.02","926.41","928.05","915.88","728.56M","0.46%"
"12/17/2012","922.78","925.22","928.59","921.33","633.44M","-0.01%"
"12/14/2012","922.86","921.09","924.96","919.85","755.95M","0.27%"
"12/13/2012","920.41","922.80","925.39","917.93","633.05M","-0.14%"
"12/12/2012","921.70","915.97","922.08","914.16","873.67M","1.13%"
"12/11/2012","911.37","910.53","913.58","908.34","722.97M","0.62%"
"12/07/2012","905.71","910.27","911.57","902.08","535.59M","-0.39%"
"12/06/2012","909.23","906.55","911.88","905.73","738.89M","0.82%"
"12/04/2012","901.85","905.40","906.35","899.24","466.52M","-0.29%"
"12/03/2012","904.43","902.10","905.23","899.94","760.06M","0.63%"
"11/30/2012","898.81","890.94","902.18","890.32","1.35B","1.28%"
"11/29/2012","887.44","883.62","888.84","883.09","993.15M","0.77%"
"11/28/2012","880.70","877.93","882.73","875.52","560.69M","0.12%"
"11/27/2012","879.61","876.75","880.61","875.49","695.17M","0.54%"
"11/26/2012","874.87","873.88","876.64","871.59","549.99M","0.59%"
"11/23/2012","869.72","865.40","870.16","862.17","472.53M","0.27%"
"11/22/2012","867.40","866.95","869.76","865.04","1.04B","0.28%"
"11/21/2012","864.97","865.29","866.41","858.55","476.27M","0.09%"
"11/20/2012","864.21","873.80","875.02","862.27","509.58M","-0.60%"
"11/19/2012","869.41","868.58","870.24","865.30","419.94M","0.27%"
"11/16/2012","867.07","862.47","867.29","861.52","501.57M","0.48%"
"11/15/2012","862.90","861.09","863.71","855.61","937.88M","-0.18%"
"11/14/2012","864.47","872.78","874.61","864.08","964.40M","-0.80%"
"11/13/2012","871.41","873.47","874.48","867.59","1.27B","-0.56%"
"11/12/2012","876.30","875.24","877.55","872.08","896.93M","0.36%"
"11/09/2012","873.17","871.70","877.28","869.50","774.43M","0.11%"
"11/08/2012","872.18","868.58","873.02","866.42","955.20M","-0.55%"
"11/07/2012","877.02","881.60","882.70","875.40","1.04B","-0.19%"
"11/06/2012","878.72","884.21","888.42","876.61","609.10M","-0.53%"
"11/05/2012","883.43","883.62","886.73","880.66","660.44M","-0.01%"
"11/02/2012","883.54","884.81","887.15","882.37","1.10B","0.66%"
"11/01/2012","877.71","877.29","880.99","874.93","705.37M","-0.15%"
"10/31/2012","879.06","876.21","880.38","874.39","647.01M","0.27%"
"10/30/2012","876.66","867.01","876.66","865.72","472.71M","1.27%"
"10/29/2012","865.65","866.74","868.23","861.56","611.01M","-0.15%"
"10/26/2012","866.98","873.80","874.99","859.29","750.12M","-1.21%"
"10/25/2012","877.61","873.97","878.93","868.34","716.72M","0.22%"
"10/24/2012","875.64","882.76","885.45","873.21","1.21B","-1.39%"
"10/22/2012","887.97","881.98","888.71","880.92","537.24M","0.14%"
"10/19/2012","886.76","889.30","891.39","885.82","1.31B","-0.28%"
"10/18/2012","889.29","885.64","889.78","882.00","1.25B","0.86%"
"10/17/2012","881.67","875.67","881.93","873.31","1.14B","1.13%"
"10/16/2012","871.78","878.28","879.26","871.13","864.79M","-0.31%"
"10/15/2012","874.48","875.45","877.83","869.94","561.32M","-0.55%"
"10/12/2012","879.31","879.68","882.96","878.15","843.50M","0.25%"
"10/11/2012","877.16","872.83","877.42","865.81","1.35B","0.58%"
"10/10/2012","872.13","869.86","875.84","869.86","1.03B","-0.27%"
"10/09/2012","874.48","887.85","890.82","874.48","800.82M","-0.97%"
"10/08/2012","883.05","886.82","888.13","880.22","753.83M","-0.76%"
"10/05/2012","889.77","890.16","892.45","887.74","857.75M","0.31%"
"10/04/2012","886.98","887.85","892.63","885.82","1.12B","-0.06%"
"10/03/2012","887.49","888.82","891.00","884.37","842.13M","0.00%"
"10/02/2012","887.50","887.69","890.11","884.53","644.96M","0.37%"
"10/01/2012","884.21","882.98","887.89","881.68","593.83M","-0.27%"
"09/28/2012","886.58","884.40","887.86","882.10","937.54M","1.13%"
"09/27/2012","876.67","870.50","880.37","870.05","953.38M","0.88%"
"09/26/2012","868.98","873.92","875.69","866.03","1.75B","-1.03%"
"09/25/2012","878.03","878.59","880.07","875.59","1.30B","0.16%"
"09/24/2012","876.60","875.96","879.56","873.45","1.65B","-0.26%"
"09/21/2012","878.85","879.06","881.12","875.82","1.01B","0.19%"
"09/20/2012","877.22","876.74","879.99","871.90","1.00B","-0.31%"
"09/19/2012","879.92","871.04","880.25","870.93","1.02B","1.08%"
"09/18/2012","870.49","872.93","876.81","868.50","623.98M","-0.70%"
"09/17/2012","876.61","875.76","879.40","872.67","926.51M","0.21%"
"09/14/2012","874.81","872.85","877.34","869.82","1.40B","1.68%"
"09/13/2012","860.36","863.31","863.43","856.88","1.31B","-0.21%"
"09/12/2012","862.15","858.15","862.15","856.00","925.54M","1.10%"
"09/11/2012","852.80","854.59","856.43","850.17","1.39B","-0.27%"
"09/10/2012","855.12","854.56","858.27","854.17","790.25M","0.37%"
"09/07/2012","851.95","858.49","859.74","851.95","1.06B","0.17%"
"09/06/2012","850.50","846.09","852.80","845.58","919.96M","0.87%"
"09/05/2012","843.17","841.76","847.19","841.01","888.68M","-0.39%"
"09/04/2012","846.46","849.88","850.56","843.01","943.44M","0.02%"
"09/03/2012","846.27","842.89","849.05","840.97","860.27M","0.71%"
"08/31/2012","840.32","829.25","840.32","827.67","1.06B","1.18%"
"08/30/2012","830.52","831.61","832.38","825.35","905.78M","-0.52%"
"08/29/2012","834.88","845.34","847.96","834.88","873.52M","-1.26%"
"08/28/2012","845.55","846.94","850.84","845.44","836.70M","-0.13%"
"08/27/2012","846.66","852.16","853.93","846.66","548.94M","-0.46%"
"08/24/2012","850.60","847.31","851.26","845.71","836.93M","-0.18%"
"08/23/2012","852.17","850.20","855.64","849.30","762.96M","0.39%"
"08/22/2012","848.83","846.25","849.58","844.86","662.96M","0.08%"
"08/21/2012","848.17","845.25","850.84","844.77","769.21M","0.16%"
"08/20/2012","846.85","842.03","847.76","838.96","391.19M","0.37%"
"08/17/2012","843.73","849.45","849.46","840.87","664.55M","-0.17%"
"08/16/2012","845.18","849.85","851.22","845.18","758.51M","-0.42%"
"08/15/2012","848.75","845.54","848.89","841.48","621.37M","-0.03%"
"08/14/2012","848.99","845.42","848.99","840.78","608.05M","0.89%"
"08/10/2012","841.50","838.26","841.50","833.82","481.46M","0.27%"
"08/09/2012","839.25","840.39","843.39","833.79","1.07B","0.42%"
"08/08/2012","835.75","836.79","839.53","834.71","1.27B","0.33%"
"08/07/2012","832.96","836.09","836.84","831.55","593.46M","-0.07%"
"08/06/2012","833.52","832.44","834.92","828.51","617.58M","0.98%"
"08/03/2012","825.47","823.69","826.99","816.83","912.02M","-0.44%"
"08/01/2012","829.10","826.78","830.29","824.39","775.77M","0.05%"
"07/31/2012","828.67","828.66","829.16","820.84","704.21M","0.51%"
"07/30/2012","824.48","816.32","824.48","815.85","417.65M","1.49%"
"07/27/2012","812.36","821.21","821.64","808.90","743.96M","0.44%"
"07/26/2012","808.79","824.12","826.23","808.42","639.03M","-1.38%"
"07/25/2012","820.13","818.42","821.06","812.57","602.19M","0.07%"
"07/24/2012","819.59","817.53","823.96","815.93","521.17M","0.14%"
"07/23/2012","818.43","820.99","825.41","817.16","590.24M","-2.22%"
"07/20/2012","836.99","843.54","845.50","834.19","565.89M","-0.45%"
"07/19/2012","840.77","853.39","853.64","838.53","993.56M","-0.71%"
"07/18/2012","846.80","849.29","851.39","843.38","799.32M","-0.54%"
"07/17/2012","851.44","850.34","852.27","847.69","816.70M","0.91%"
"07/16/2012","843.80","843.33","848.33","840.48","552.35M","0.26%"
"07/13/2012","841.59","829.53","843.68","829.53","449.09M","1.56%"
"07/12/2012","828.66","836.13","838.29","828.60","466.41M","-1.42%"
"07/11/2012","840.61","834.49","842.10","833.29","574.22M","0.35%"
"07/10/2012","837.67","824.61","837.67","823.34","496.40M","1.76%"
"07/09/2012","823.21","826.92","827.88","822.77","425.89M","-1.29%"
"07/06/2012","833.94","835.87","838.23","827.32","565.29M","-0.26%"
"07/05/2012","836.15","829.59","836.15","826.64","676.01M","0.68%"
"07/04/2012","830.48","837.86","838.44","827.47","860.24M","-0.48%"
"07/03/2012","834.48","831.33","835.09","829.15","645.07M","0.86%"
"07/02/2012","827.40","824.57","828.45","821.44","571.40M","1.60%"
"06/29/2012","814.38","817.78","826.08","814.38","784.50M","0.04%"
"06/28/2012","814.02","813.42","819.99","805.27","604.24M","0.53%"
"06/27/2012","809.75","802.93","810.75","802.23","572.35M","1.41%"
"06/26/2012","798.51","795.05","801.32","794.04","429.00M","0.36%"
"06/25/2012","795.68","798.85","803.97","795.68","693.87M","-0.55%"
"06/22/2012","800.07","797.53","800.07","793.75","786.74M","-0.60%"
"06/21/2012","804.89","809.94","811.07","802.90","495.01M","-1.44%"
"06/20/2012","816.68","814.80","818.61","812.40","457.66M","-0.03%"
"06/19/2012","816.90","812.14","816.90","808.36","890.24M","0.87%"
"06/18/2012","809.88","822.50","824.79","807.17","952.50M","-0.33%"
"06/15/2012","812.56","808.25","816.37","807.13","1.53B","1.35%"
"06/14/2012","801.72","802.48","810.85","801.37","1.15B","-0.59%"
"06/13/2012","806.51","811.33","813.62","801.63","551.38M","-0.51%"
"06/12/2012","810.66","799.98","810.66","797.65","614.08M","0.34%"
"06/11/2012","807.94","796.74","807.94","796.74","731.09M","3.10%"
"06/08/2012","783.68","774.90","783.68","771.36","415.09M","0.84%"
"06/07/2012","777.14","785.73","789.06","773.83","647.80M","0.20%"
"06/06/2012","775.60","770.26","780.37","769.41","462.02M","1.83%"
"06/05/2012","761.66","776.13","778.32","761.66","610.65M","-1.39%"
"06/01/2012","772.39","787.71","789.73","772.39","604.79M","-2.42%"
"05/31/2012","791.54","781.04","794.48","777.33","780.57M","0.24%"
"05/30/2012","789.62","795.05","797.18","788.76","534.02M","-1.56%"
"05/29/2012","802.16","792.07","804.46","791.87","846.98M","1.31%"
"05/28/2012","791.76","784.10","791.78","778.90","444.42M","0.62%"
"05/25/2012","786.87","777.80","788.69","774.76","534.89M","0.38%"
"05/24/2012","783.86","770.89","783.86","764.09","1.18B","1.78%"
"05/23/2012","770.17","781.38","783.73","768.13","725.48M","-2.02%"
"05/22/2012","786.06","799.42","801.47","786.06","633.52M","-0.59%"
"05/21/2012","790.73","805.20","806.19","790.73","684.29M","-1.98%"
"05/18/2012","806.71","809.48","811.97","802.61","853.76M","-1.84%"
"05/17/2012","821.87","821.96","826.24","815.84","967.99M","0.18%"
"05/16/2012","820.40","815.94","820.40","805.66","1.10B","-1.21%"
"05/15/2012","830.41","814.32","830.41","810.58","733.55M","1.86%"
"05/14/2012","815.21","833.13","840.65","810.36","1.18B","-2.21%"
"05/11/2012","833.65","830.00","836.72","823.56","1.88B","0.15%"
"05/10/2012","832.43","840.01","840.65","828.49","1.77B","-1.52%"
"05/09/2012","845.27","858.92","860.91","845.27","1.62B","-2.19%"
"05/08/2012","864.17","856.98","865.44","854.85","1.16B","0.26%"
"05/04/2012","861.93","872.66","872.66","861.01","1.15B","-1.24%"
"05/03/2012","872.75","872.92","879.50","869.33","1.08B","0.09%"
"05/02/2012","871.94","869.58","873.64","867.86","811.38M","0.94%"
"04/30/2012","863.82","855.09","863.82","854.89","852.67M","1.61%"
"04/27/2012","850.11","850.31","852.48","844.54","531.96M","0.21%"
"04/26/2012","848.32","843.86","851.26","843.86","799.37M","0.71%"
"04/25/2012","842.33","843.33","845.64","838.72","854.77M","0.01%"
"04/24/2012","842.26","838.06","842.26","834.69","885.59M","0.91%"
"04/23/2012","834.68","842.38","844.61","832.56","1.47B","-0.57%"
"04/20/2012","839.45","832.12","840.17","830.04","974.84M","0.82%"
"04/19/2012","832.66","820.58","832.82","819.07","652.36M","1.68%"
"04/18/2012","818.87","820.89","823.27","815.60","632.29M","0.72%"
"04/17/2012","813.00","829.87","829.87","809.76","640.06M","-1.03%"
"04/12/2012","821.45","813.41","821.45","813.41","469.12M","1.32%"
"04/11/2012","810.76","812.25","816.09","808.06","834.39M","-1.07%"
"04/10/2012","819.57","825.28","826.57","813.38","697.78M","-1.46%"
"04/05/2012","831.74","841.62","842.45","827.91","760.32M","-1.37%"
"04/04/2012","843.26","851.28","853.32","843.26","706.34M","-1.20%"
"04/03/2012","853.51","848.26","855.38","848.01","703.85M","1.14%"
"04/02/2012","843.87","842.04","847.13","841.08","448.47M","0.11%"
"03/30/2012","842.91","850.32","851.94","840.46","855.68M","-0.76%"
"03/29/2012","849.34","844.82","850.73","841.55","716.13M","-0.02%"
"03/28/2012","849.51","849.47","853.53","845.67","679.89M","-0.32%"
"03/27/2012","852.25","848.14","852.25","844.45","817.76M","1.85%"
"03/26/2012","836.77","842.99","845.08","835.96","745.17M","-0.59%"
"03/23/2012","841.76","840.48","844.12","830.10","1.17B","0.30%"
"03/22/2012","839.22","851.41","857.00","839.22","2.57B","-1.52%"
"03/21/2012","852.14","843.18","852.14","840.23","1.72B","1.01%"
"03/20/2012","843.65","838.32","846.73","837.67","1.03B","0.68%"
"03/19/2012","837.93","843.59","847.87","837.93","1.73B","-0.06%"
"03/16/2012","838.44","827.74","838.44","824.71","1.92B","1.83%"
"03/15/2012","823.39","819.82","826.05","819.41","1.34B","0.64%"
"03/14/2012","818.14","817.35","820.98","813.18","1.02B","1.01%"
"03/13/2012","809.97","812.13","813.09","802.71","1.37B","0.29%"
"03/12/2012","807.65","817.53","820.02","804.49","1.18B","-0.89%"
"03/09/2012","814.89","824.41","824.94","814.89","1.91B","-0.99%"
"03/08/2012","823.07","813.49","823.07","813.21","1.51B","1.51%"
"03/06/2012","810.79","812.25","816.16","808.54","771.01M","-0.48%"
"03/05/2012","814.68","818.90","819.58","813.77","753.75M","-0.79%"
"03/02/2012","821.18","825.27","827.85","820.56","1.14B","-0.09%"
"03/01/2012","821.96","817.39","823.20","815.57","1.40B","0.39%"
"02/29/2012","818.78","810.78","818.78","810.29","1.09B","1.37%"
"02/28/2012","807.69","801.04","807.69","798.49","612.98M","1.06%"
"02/27/2012","799.19","809.13","810.04","797.64","701.40M","-1.12%"
"02/24/2012","808.27","806.13","809.32","804.66","698.35M","0.58%"
"02/23/2012","803.61","802.97","805.36","795.03","976.32M","0.25%"
"02/22/2012","801.59","806.61","809.71","801.38","5.85B","-0.26%"
"02/21/2012","803.66","802.46","806.04","799.97","1.02M","0.43%"
"02/20/2012","800.22","799.60","801.66","796.53","1.40M","0.67%"
"02/17/2012","794.86","796.21","797.02","789.13","1.15M","0.98%"
"02/16/2012","787.13","790.17","792.38","784.75","1.36M","-0.60%"
"02/15/2012","791.85","782.11","793.21","782.11","2.05M","2.03%"
"02/14/2012","776.12","781.86","787.35","773.24","1.24M","-1.02%"
"02/13/2012","784.08","782.79","786.57","781.09","762.89K","0.37%"
"02/10/2012","781.21","783.17","787.10","779.57","815.65K","-0.45%"
"02/09/2012","784.72","784.24","787.65","779.31","1.26M","0.17%"
"02/08/2012","783.39","776.32","787.15","776.21","1.40M","1.61%"
"02/07/2012","770.95","767.68","772.13","764.11","982.84K","0.67%"
"02/06/2012","765.82","774.30","775.68","765.82","935.42K","-0.41%"
"02/03/2012","768.96","765.41","769.42","761.94","1.07M","0.73%"
"02/02/2012","763.40","763.43","769.03","762.25","1.21M","0.56%"
"02/01/2012","759.16","756.55","760.08","753.02","1.79M","0.23%"
"01/31/2012","757.45","755.00","757.45","749.26","822.47K","0.87%"
"01/30/2012","750.95","751.83","755.36","749.14","1.26M","-0.16%"
"01/27/2012","752.18","748.94","753.48","746.86","833.57K","0.85%"
"01/26/2012","745.81","740.54","746.52","740.10","549.61K","1.24%"
"01/25/2012","736.69","745.71","746.25","735.99","514.00K","-0.84%"
"01/24/2012","742.95","744.26","748.81","742.95","769.60K","0.17%"
"01/23/2012","741.67","739.92","744.98","739.21","382.16K","0.29%"
"01/20/2012","739.56","742.19","743.13","737.58","648.33K","-0.14%"
"01/19/2012","740.60","740.50","742.82","736.36","712.54K","0.71%"
"01/18/2012","735.37","739.61","741.74","735.29","910.77K","-0.63%"
"01/17/2012","740.03","729.48","740.03","728.30","680.14K","2.15%"
"01/16/2012","724.43","725.57","726.47","722.68","519.17K","-0.82%"
"01/13/2012","730.40","735.45","736.95","727.55","743.62K","-0.74%"
"01/12/2012","735.88","737.54","739.45","734.33","610.05K","-0.04%"
"01/11/2012","736.14","737.61","742.21","735.56","704.69K","-0.27%"
"01/10/2012","738.13","734.53","740.07","733.90","882.74K","0.81%"
"01/09/2012","732.21","723.76","732.21","723.13","718.55K","0.90%"
"01/06/2012","725.69","725.00","728.96","723.79","798.07K","-0.20%"
"01/05/2012","727.12","726.45","730.39","723.50","827.35K","0.02%"
"01/04/2012","726.99","727.22","731.54","725.16","684.66K","1.20%"
"12/30/2011","718.40","719.60","720.04","715.76","646.68K","0.16%"
"12/29/2011","717.28","714.49","723.66","714.38","531.37K","-0.64%"
"12/28/2011","721.87","720.70","722.23","717.50","410.50K","0.00%"
"12/27/2011","721.90","725.34","725.60","718.12","415.73K","-0.37%"
"12/26/2011","724.57","730.72","731.71","723.60","586.86K","-0.47%"
"12/23/2011","727.97","734.65","735.20","727.97","1.13M","-0.65%"
"12/22/2011","732.73","734.31","736.71","728.50","1.17M","-0.20%"
"12/21/2011","734.22","735.19","738.41","733.96","910.48K","1.24%"
"12/20/2011","725.26","727.96","731.46","725.26","1.25M","-0.04%"
"12/19/2011","725.54","724.23","730.56","722.20","812.78K","-0.13%"
"12/16/2011","726.49","720.49","728.73","719.98","1.18M","1.03%"
"12/15/2011","719.06","709.16","719.06","705.40","1.62M","0.12%"
"12/14/2011","718.21","726.00","728.49","718.21","1.27M","-0.71%"
"12/13/2011","723.36","724.58","728.03","719.85","1.38M","-0.35%"
"12/09/2011","725.92","726.71","727.90","722.28","1.28M","-1.06%"
"12/08/2011","733.72","732.27","740.37","730.57","1.66M","-0.41%"
"12/07/2011","736.72","729.95","736.72","727.66","1.89M","1.69%"
"12/06/2011","724.50","727.66","729.00","719.64","1.35M","0.04%"
"12/02/2011","724.23","717.89","724.39","713.49","1.38M","1.15%"
"12/01/2011","716.02","717.49","720.74","713.01","1.77M","2.68%"
"11/30/2011","697.33","694.61","699.21","692.10","928.87K","0.80%"
"11/29/2011","691.79","688.99","697.15","686.72","684.13K","0.35%"
"11/28/2011","689.41","681.85","689.54","681.85","529.71K","2.04%"
"11/25/2011","675.60","683.52","684.38","674.96","442.81K","-1.61%"
"11/24/2011","686.66","685.05","687.81","682.08","511.45K","0.49%"
"11/23/2011","683.31","680.46","684.33","678.80","990.17K","-0.11%"
"11/22/2011","684.07","678.87","685.89","674.99","530.91K","1.36%"
"11/21/2011","674.87","683.15","688.26","674.87","847.46K","-2.02%"
"11/18/2011","688.80","692.18","693.92","688.12","729.61K","-1.18%"
"11/17/2011","697.03","698.02","701.77","696.18","1.03M","-0.54%"
"11/16/2011","700.81","691.49","700.81","690.08","1.09M","1.12%"
"11/15/2011","693.03","695.62","700.82","691.47","774.72K","-0.04%"
"11/14/2011","693.30","692.92","699.67","692.12","975.23K","1.51%"
"11/11/2011","683.01","682.36","685.44","677.92","453.86K","0.14%"
"11/10/2011","682.03","669.41","682.03","669.41","640.32K","-0.03%"
"11/09/2011","682.23","692.88","696.28","682.23","936.68K","-1.94%"
"11/08/2011","695.76","679.13","695.76","676.72","648.85K","3.28%"
"11/07/2011","673.68","679.72","681.96","672.36","416.72K","-0.29%"
"11/04/2011","675.61","684.46","686.04","675.61","556.49K","-0.16%"
"11/03/2011","676.69","672.34","676.69","666.79","579.90K","-1.01%"
"11/02/2011","683.61","672.29","686.51","670.11","791.29K","1.02%"
"11/01/2011","676.74","688.71","694.38","675.34","770.80K","-2.20%"
"10/31/2011","691.97","694.44","698.67","688.56","606.10K","0.00%"
"10/28/2011","691.99","689.81","702.08","689.81","1.28M","1.55%"
"10/27/2011","681.44","674.29","684.18","674.13","1.16M","2.48%"
"10/26/2011","664.93","663.17","670.80","657.65","565.13K","-0.42%"
"10/25/2011","667.75","655.38","669.09","651.90","808.49K","3.56%"
"10/21/2011","644.80","637.96","649.69","636.18","534.10K","0.98%"
"10/20/2011","638.53","651.01","651.01","633.87","970.20K","-3.42%"
"10/19/2011","661.11","677.43","677.57","657.47","726.87K","-1.69%"
"10/18/2011","672.47","670.12","672.47","660.51","685.13K","-2.01%"
"10/17/2011","686.26","679.44","687.01","677.09","867.02K","1.91%"
"10/14/2011","673.43","657.25","673.43","655.33","708.12K","2.32%"
"10/13/2011","658.17","675.79","676.61","658.17","1.37M","-1.98%"
"10/12/2011","671.49","664.92","674.13","658.43","1.32M","0.86%"
"10/11/2011","665.75","659.32","670.43","659.03","1.46M","2.77%"
"10/10/2011","647.80","630.23","647.80","626.15","788.61K","1.84%"
"10/07/2011","636.07","654.56","655.84","636.07","1.24M","-0.49%"
"10/06/2011","639.21","618.93","639.57","615.70","1.44M","6.74%"
"10/05/2011","598.86","598.35","607.32","593.78","927.96K","1.06%"
"10/04/2011","592.57","604.93","609.72","583.83","1.45M","-1.55%"
"10/03/2011","601.90","610.70","612.11","599.10","1.03M","-5.41%"
"09/30/2011","636.30","647.50","650.26","635.48","789.42K","-1.30%"
"09/29/2011","644.66","639.56","654.71","638.87","851.31K","-0.76%"
"09/28/2011","649.60","656.01","664.13","648.85","1.10M","-1.95%"
"09/27/2011","662.51","647.48","662.51","631.34","1.43M","5.30%"
"09/26/2011","629.14","659.54","659.54","602.32","1.94M","-5.68%"
"09/23/2011","667.02","676.68","677.68","654.93","1.69M","-3.20%"
"09/22/2011","689.10","705.21","705.38","689.10","1.25M","-3.90%"
"09/21/2011","717.08","711.76","718.85","710.24","650.54K","0.33%"
"09/20/2011","714.70","706.12","714.70","700.93","643.67K","1.11%"
"09/19/2011","706.87","712.53","714.67","706.87","621.48K","-1.64%"
"09/16/2011","718.64","726.70","728.32","716.88","663.14K","-0.37%"
"09/15/2011","721.34","714.74","721.62","708.28","1.19M","1.41%"
"09/14/2011","711.34","720.18","720.69","701.79","845.61K","-0.77%"
"09/13/2011","716.87","726.64","728.53","713.70","685.74K","-0.89%"
"09/12/2011","723.30","728.89","730.86","720.25","925.92K","-2.22%"
"09/09/2011","739.73","747.53","748.28","738.83","1.09M","-0.98%"
"09/08/2011","747.06","740.70","747.06","738.38","844.77K","0.39%"
"09/07/2011","744.18","736.88","744.25","735.60","915.18K","1.32%"
"09/06/2011","734.49","724.53","734.49","722.61","836.64K","0.66%"
"09/05/2011","729.69","734.79","737.87","727.44","540.74K","-1.70%"
"09/02/2011","742.30","749.08","749.73","737.29","534.11K","-0.53%"
"09/01/2011","746.25","756.52","756.52","745.39","909.82K","-0.11%"
"08/31/2011","747.07","735.98","747.50","735.29","881.76K","2.65%"
"08/30/2011","727.78","744.33","746.58","727.78","1.25M","-1.18%"
"08/29/2011","736.47","726.28","738.16","721.45","927.11K","2.03%"
"08/26/2011","721.84","704.12","722.01","702.83","1.11M","1.46%"
"08/25/2011","711.48","733.97","734.06","711.48","1.15M","-1.96%"
"08/24/2011","725.70","731.89","736.78","720.78","1.29M","-1.11%"
"08/23/2011","733.83","741.96","742.98","732.56","1.07M","-1.10%"
"08/22/2011","741.98","742.08","742.53","729.07","921.54K","-0.12%"
"08/19/2011","742.86","746.31","751.14","740.64","1.22M","-2.10%"
"08/18/2011","758.83","765.44","768.51","757.87","1.09M","-0.26%"
"08/17/2011","760.83","755.34","762.55","754.04","1.06M","1.60%"
"08/16/2011","748.83","759.69","759.93","748.83","887.21K","-1.02%"